SET MODE MYSQL;

--菜单初始化
INSERT INTO `system_menu` (`menu_id`,`menu_name`,`menulevcod`,`supmenucode`,`menuurl`,`menuico`,`sort`) 
VALUES (1,'MMT消息服务平台','1',0,' ',' ',0),
(2,'系统管理','2',1,'system','glyphicon glyphicon-wrench',1),
(3,'接口管理','2',1,'interface','glyphicon glyphicon-th',2),
(4,'客户管理','2',1,'customer','glyphicon glyphicon-cog',3),
(5,'用户管理','3',2,'system/user','glyphicon glyphicon-user',1),
(6,'角色管理','3',2,'system/role','glyphicon glyphicon-lock',2),
(7,'菜单管理','3',2,'system/menu','glyphicon glyphicon-list',3),
(9,'客户信息管理','3',4,'customer/information','glyphicon glyphicon-user',1),
(10,'微信接口配置','3',3,'interface/weixinconfig','glyphicon glyphicon-tag',1),
(11,'易信接口配置','3',3,'interface/yixinconfig','glyphicon glyphicon-tag',2),
(12,'自定义菜单','3',3,'interface/menu','glyphicon glyphicon-th-list',3),
(13,'一级响应信息','3',15,'message/level1','glyphicon glyphicon-leaf',1),
(14,'二级响应信息','3',15,'message/level2','glyphicon glyphicon-leaf',2),
(15,'消息库管理','2',1,'message','glyphicon glyphicon-tint',4),
(16,'通用消息设置','3',15,'message/level3','glyphicon glyphicon-leaf',3),
(17,'系统配置','3',2,'system/sysconfig','glyphicon glyphicon-cog',4),
(19,'多媒体管理','3',3,'interface/media','glyphicon glyphicon-film',4),
(20,'实时消息','3',3,'interface/im','glyphicon glyphicon-envelope',5);

--角色初始化
INSERT INTO `system_role` (`role_id`,`role_name`,`role_desc`,`status`,`sort`,`reloadable`) 
VALUES (1,'系统管理员','管理客户接口','AVAILABLE',0,'AVAILABLE'),
(2,'接口管理员','接口配置，参数配置等','AVAILABLE',1,'AVAILABLE'),
(3,'编辑','客户方编辑，可以编辑接口回复的内容等','AVAILABLE',2,'AVAILABLE');

--用户初始化
INSERT INTO `system_user` (`user_id`,`username`,`password`,`xm`,`idcard`,`mphone`,`islock`,`bz`,`status`) 
VALUES (1,'mmtuser','41680116FF2D7546B0DF95E873C2ED7F','MMTCHAT','330','1234','UNAVAILABLE','bz','AVAILABLE');

--系统配置信息
INSERT INTO `system_config` (`group`,`key`,`value`,`timestamp`) 
VALUES ('CUSTOM_MENU_TYPE','click','事件','2013-10-22 00:16:33'),
('CUSTOM_MENU_TYPE','view','网址','2013-10-22 00:16:44'),
('DOMAIN','DOMAIN','http://www.baidu.com','2013-10-21 23:58:11'),
('MEDIA_TYPE','image','图片','2013-11-28 21:00:05'),
('MEDIA_TYPE','thumb','缩略图','2013-11-28 23:43:39'),
('MEDIA_TYPE','video','视频','2013-11-28 23:43:45'),
('MEDIA_TYPE','voice','语音[微信]','2013-11-28 23:44:11'),
('MESSAGE_TYPE','image','图片消息','2013-12-09 13:37:15'),
('MESSAGE_TYPE','link','链接消息','2013-12-09 13:38:28'),
('MESSAGE_TYPE','location','地理位置消息','2013-12-09 13:38:04'),
('MESSAGE_TYPE','text','文本消息','2013-12-09 13:36:20'),
('MESSAGE_TYPE','video','视频消息','2013-12-09 13:41:53'),
('MESSAGE_TYPE','yuyin','语音消息','2013-12-09 15:33:37'),
('SERVICE_TYPE','OTHER','其它','2013-12-09 13:35:59'),
('SERVICE_TYPE','WEIXIN','微信','2013-12-09 13:35:10'),
('SERVICE_TYPE','YIXIN','易信','2013-12-09 13:35:35');

--用户配置信息
INSERT INTO `system_user_config` (`user_id`,`key`,`value`,`timestamp`) 
VALUES (1,'EncryptKey','uziV2+-1FkVt)gkfuBsFsR3UgWvagl$yLRFfPbdw_)','2013-09-12 14:27:26'),
(1,'CUSTOMIZATION_HOME','message/level1','2013-09-17 10:21:36');

--客户信息
INSERT INTO `customer` (`cust_id`,`cust_name`,`memo`,`status`) VALUES (1,'MMT','','AVAILABLE');

--用户角色信息
INSERT INTO `system_user_role` (`user_id`,`role_id`,`cust_id`) VALUES (1,1,1);

--权限信息
INSERT INTO `system_role_menu` (`role_id`,`menu_id`) 
VALUES (1,2),(1,3),(1,4),(1,5),(1,6),(1,7),(1,9),(1,10),(1,11),(1,12),(1,13),(1,14),(1,15),(1,16),(1,17),(1,19),(1,20);

--初始化城市数据
INSERT INTO `city` (`citycode`,`city_name`,`province`,`city_alias`) VALUES ('101010100','北京','北京','北京'),('101010200','海淀','北京','北京海淀'),('101010300','朝阳','北京','北京朝阳'),('101010400','顺义','北京','北京顺义'),('101010500','怀柔','北京','北京怀柔'),('101010600','通州','北京','北京通州'),('101010700','昌平','北京','北京昌平'),('101010800','延庆','北京','北京延庆'),('101010900','丰台','北京','北京丰台'),('101011000','石景山','北京','北京石景山'),('101011100','大兴','北京','北京大兴'),('101011200','房山','北京','北京房山'),('101011300','密云','北京','北京密云'),('101011400','门头沟','北京','北京门头沟'),('101011500','平谷','北京','北京平谷'),('101020100','上海','上海','上海'),('101020200','闵行','上海','上海闵行'),('101020300','宝山','上海','上海宝山'),('101020500','嘉定','上海','上海嘉定'),('101020600','浦东南汇','上海','上海浦东南汇'),('101020700','金山','上海','上海金山'),('101020800','青浦','上海','上海青浦'),('101020900','松江','上海','上海松江'),('101021000','奉贤','上海','上海奉贤'),('101021100','崇明','上海','上海崇明'),('101021200','徐家汇','上海','上海徐家汇'),('101021300','浦东','上海','上海浦东'),('101030100','天津','天津','天津'),('101030200','武清','天津','天津武清'),('101030300','宝坻','天津','天津宝坻'),('101030400','东丽','天津','天津东丽'),('101030500','西青','天津','天津西青'),('101030600','北辰','天津','天津北辰'),('101030700','宁河','天津','天津宁河'),('101030800','汉沽','天津','天津汉沽'),('101030900','静海','天津','天津静海'),('101031000','津南','天津','天津津南'),('101031100','塘沽','天津','天津塘沽'),('101031200','大港','天津','天津大港'),('101031400','蓟县','天津','天津蓟县'),('101040100','重庆','重庆','重庆'),('101040200','永川','重庆','重庆永川'),('101040300','合川','重庆','重庆合川'),('101040400','南川','重庆','重庆南川'),('101040500','江津','重庆','重庆江津'),('101040600','万盛','重庆','重庆万盛'),('101040700','渝北','重庆','重庆渝北'),('101040800','北碚','重庆','重庆北碚'),('101040900','巴南','重庆','重庆巴南'),('101041000','长寿','重庆','重庆长寿'),('101041100','黔江','重庆','重庆黔江'),('101041300','万州','重庆','重庆万州'),('101041400','涪陵','重庆','重庆涪陵'),('101041500','开县','重庆','重庆开县'),('101041600','城口','重庆','重庆城口'),('101041700','云阳','重庆','重庆云阳'),('101041800','巫溪','重庆','重庆巫溪'),('101041900','奉节','重庆','重庆奉节'),('101042000','巫山','重庆','重庆巫山'),('101042100','潼南','重庆','重庆潼南'),('101042200','垫江','重庆','重庆垫江'),('101042300','梁平','重庆','重庆梁平'),('101042400','忠县','重庆','重庆忠县'),('101042500','石柱','重庆','重庆石柱'),('101042600','大足','重庆','重庆大足'),('101042700','荣昌','重庆','重庆荣昌'),('101042800','铜梁','重庆','重庆铜梁'),('101042900','璧山','重庆','重庆璧山'),('101043000','丰都','重庆','重庆丰都'),('101043100','武隆','重庆','重庆武隆'),('101043200','彭水','重庆','重庆彭水'),('101043300','綦江','重庆','重庆綦江'),('101043400','酉阳','重庆','重庆酉阳'),('101043600','秀山','重庆','重庆秀山'),('101050101','哈尔滨','黑龙江','黑龙江哈尔滨'),('101050102','双城','黑龙江','黑龙江双城'),('101050103','呼兰','黑龙江','黑龙江呼兰'),('101050104','阿城','黑龙江','黑龙江阿城'),('101050105','宾县','黑龙江','黑龙江宾县'),('101050106','依兰','黑龙江','黑龙江依兰'),('101050107','巴彦','黑龙江','黑龙江巴彦'),('101050108','通河','黑龙江','黑龙江通河'),('101050109','方正','黑龙江','黑龙江方正'),('101050110','延寿','黑龙江','黑龙江延寿'),('101050111','尚志','黑龙江','黑龙江尚志'),('101050112','五常','黑龙江','黑龙江五常'),('101050113','木兰','黑龙江','黑龙江木兰'),('101050201','齐齐哈尔','黑龙江','黑龙江齐齐哈尔'),('101050202','讷河','黑龙江','黑龙江讷河'),('101050203','龙江','黑龙江','黑龙江龙江'),('101050204','甘南','黑龙江','黑龙江甘南'),('101050205','富裕','黑龙江','黑龙江富裕'),('101050206','依安','黑龙江','黑龙江依安'),('101050207','拜泉','黑龙江','黑龙江拜泉'),('101050208','克山','黑龙江','黑龙江克山'),('101050209','克东','黑龙江','黑龙江克东'),('101050210','泰来','黑龙江','黑龙江泰来'),('101050301','牡丹江','黑龙江','黑龙江牡丹江'),('101050302','海林','黑龙江','黑龙江海林'),('101050303','穆棱','黑龙江','黑龙江穆棱'),('101050304','林口','黑龙江','黑龙江林口'),('101050305','绥芬河','黑龙江','黑龙江绥芬河'),('101050306','宁安','黑龙江','黑龙江宁安'),('101050307','东宁','黑龙江','黑龙江东宁'),('101050401','佳木斯','黑龙江','黑龙江佳木斯'),('101050402','汤原','黑龙江','黑龙江汤原'),('101050403','抚远','黑龙江','黑龙江抚远'),('101050404','桦川','黑龙江','黑龙江桦川'),('101050405','桦南','黑龙江','黑龙江桦南'),('101050406','同江','黑龙江','黑龙江同江'),('101050407','富锦','黑龙江','黑龙江富锦'),('101050501','绥化','黑龙江','黑龙江绥化'),('101050502','肇东','黑龙江','黑龙江肇东'),('101050503','安达','黑龙江','黑龙江安达'),('101050504','海伦','黑龙江','黑龙江海伦'),('101050505','明水','黑龙江','黑龙江明水'),('101050506','望奎','黑龙江','黑龙江望奎'),('101050507','兰西','黑龙江','黑龙江兰西'),('101050508','青冈','黑龙江','黑龙江青冈'),('101050509','庆安','黑龙江','黑龙江庆安'),('101050510','绥棱','黑龙江','黑龙江绥棱'),('101050601','黑河','黑龙江','黑龙江黑河'),('101050602','嫩江','黑龙江','黑龙江嫩江'),('101050603','孙吴','黑龙江','黑龙江孙吴'),('101050604','逊克','黑龙江','黑龙江逊克'),('101050605','五大连池','黑龙江','黑龙江五大连池'),('101050606','北安','黑龙江','黑龙江北安'),('101050701','大兴安岭','黑龙江','黑龙江大兴安岭'),('101050702','塔河','黑龙江','黑龙江塔河'),('101050703','漠河','黑龙江','黑龙江漠河'),('101050704','呼玛','黑龙江','黑龙江呼玛'),('101050705','呼中','黑龙江','黑龙江呼中'),('101050706','新林','黑龙江','黑龙江新林'),('101050708','加格达奇','黑龙江','黑龙江加格达奇'),('101050801','伊春','黑龙江','黑龙江伊春'),('101050802','乌伊岭','黑龙江','黑龙江乌伊岭'),('101050803','五营','黑龙江','黑龙江五营'),('101050804','铁力','黑龙江','黑龙江铁力'),('101050805','嘉荫','黑龙江','黑龙江嘉荫'),('101050901','大庆','黑龙江','黑龙江大庆'),('101050902','林甸','黑龙江','黑龙江林甸'),('101050903','肇州','黑龙江','黑龙江肇州'),('101050904','肇源','黑龙江','黑龙江肇源'),('101050905','杜尔伯特','黑龙江','黑龙江杜尔伯特'),('101051002','七台河','黑龙江','黑龙江七台河'),('101051003','勃利','黑龙江','黑龙江勃利'),('101051101','鸡西','黑龙江','黑龙江鸡西'),('101051102','虎林','黑龙江','黑龙江虎林'),('101051103','密山','黑龙江','黑龙江密山'),('101051104','鸡东','黑龙江','黑龙江鸡东'),('101051201','鹤岗','黑龙江','黑龙江鹤岗'),('101051202','绥滨','黑龙江','黑龙江绥滨'),('101051203','萝北','黑龙江','黑龙江萝北'),('101051301','双鸭山','黑龙江','黑龙江双鸭山'),('101051302','集贤','黑龙江','黑龙江集贤'),('101051303','宝清','黑龙江','黑龙江宝清'),('101051304','饶河','黑龙江','黑龙江饶河'),('101051305','友谊','黑龙江','黑龙江友谊'),('101060101','长春','吉林','吉林长春'),('101060102','农安','吉林','吉林农安'),('101060103','德惠','吉林','吉林德惠'),('101060104','九台','吉林','吉林九台'),('101060105','榆树','吉林','吉林榆树'),('101060106','双阳','吉林','吉林双阳'),('101060201','吉林','吉林','吉林吉林'),('101060202','舒兰','吉林','吉林舒兰'),('101060203','永吉','吉林','吉林永吉'),('101060204','蛟河','吉林','吉林蛟河'),('101060205','磐石','吉林','吉林磐石'),('101060206','桦甸','吉林','吉林桦甸'),('101060301','延吉','吉林','吉林延吉'),('101060302','敦化','吉林','吉林敦化'),('101060303','安图','吉林','吉林安图'),('101060304','汪清','吉林','吉林汪清'),('101060305','和龙','吉林','吉林和龙'),('101060307','龙井','吉林','吉林龙井'),('101060308','珲春','吉林','吉林珲春'),('101060309','图们','吉林','吉林图们'),('101060401','四平','吉林','吉林四平'),('101060402','双辽','吉林','吉林双辽'),('101060403','梨树','吉林','吉林梨树'),('101060404','公主岭','吉林','吉林公主岭'),('101060405','伊通','吉林','吉林伊通'),('101060501','通化','吉林','吉林通化'),('101060502','梅河口','吉林','吉林梅河口'),('101060503','柳河','吉林','吉林柳河'),('101060504','辉南','吉林','吉林辉南'),('101060505','集安','吉林','吉林集安'),('101060506','通化县','吉林','吉林通化县'),('101060601','白城','吉林','吉林白城'),('101060602','洮南','吉林','吉林洮南'),('101060603','大安','吉林','吉林大安'),('101060604','镇赉','吉林','吉林镇赉'),('101060605','通榆','吉林','吉林通榆'),('101060701','辽源','吉林','吉林辽源'),('101060702','东丰','吉林','吉林东丰'),('101060703','东辽','吉林','吉林东辽'),('101060801','松原','吉林','吉林松原'),('101060802','乾安','吉林','吉林乾安'),('101060803','前郭','吉林','吉林前郭'),('101060804','长岭','吉林','吉林长岭'),('101060805','扶余','吉林','吉林扶余'),('101060901','白山','吉林','吉林白山'),('101060902','靖宇','吉林','吉林靖宇'),('101060903','临江','吉林','吉林临江'),('101060904','东岗','吉林','吉林东岗'),('101060905','长白','吉林','吉林长白'),('101060906','抚松','吉林','吉林抚松'),('101060907','江源','吉林','吉林江源'),('101070101','沈阳','辽宁','辽宁沈阳'),('101070103','辽中','辽宁','辽宁辽中'),('101070104','康平','辽宁','辽宁康平'),('101070105','法库','辽宁','辽宁法库'),('101070106','新民','辽宁','辽宁新民'),('101070201','大连','辽宁','辽宁大连'),('101070202','瓦房店','辽宁','辽宁瓦房店'),('101070203','金州','辽宁','辽宁金州'),('101070204','普兰店','辽宁','辽宁普兰店'),('101070205','旅顺','辽宁','辽宁旅顺'),('101070206','长海','辽宁','辽宁长海'),('101070207','庄河','辽宁','辽宁庄河'),('101070301','鞍山','辽宁','辽宁鞍山'),('101070302','台安','辽宁','辽宁台安'),('101070303','岫岩','辽宁','辽宁岫岩'),('101070304','海城','辽宁','辽宁海城'),('101070401','抚顺','辽宁','辽宁抚顺'),('101070402','新宾','辽宁','辽宁新宾'),('101070403','清原','辽宁','辽宁清原'),('101070404','章党','辽宁','辽宁章党'),('101070501','本溪','辽宁','辽宁本溪'),('101070502','本溪县','辽宁','辽宁本溪县'),('101070504','桓仁','辽宁','辽宁桓仁'),('101070601','丹东','辽宁','辽宁丹东'),('101070602','凤城','辽宁','辽宁凤城'),('101070603','宽甸','辽宁','辽宁宽甸'),('101070604','东港','辽宁','辽宁东港'),('101070701','锦州','辽宁','辽宁锦州'),('101070702','凌海','辽宁','辽宁凌海'),('101070704','义县','辽宁','辽宁义县'),('101070705','黑山','辽宁','辽宁黑山'),('101070706','北镇','辽宁','辽宁北镇'),('101070801','营口','辽宁','辽宁营口'),('101070802','大石桥','辽宁','辽宁大石桥'),('101070803','盖州','辽宁','辽宁盖州'),('101070901','阜新','辽宁','辽宁阜新'),('101070902','彰武','辽宁','辽宁彰武'),('101071001','辽阳','辽宁','辽宁辽阳'),('101071002','辽阳县','辽宁','辽宁辽阳县'),('101071003','灯塔','辽宁','辽宁灯塔'),('101071004','弓长岭','辽宁','辽宁弓长岭'),('101071101','铁岭','辽宁','辽宁铁岭'),('101071102','开原','辽宁','辽宁开原'),('101071103','昌图','辽宁','辽宁昌图'),('101071104','西丰','辽宁','辽宁西丰'),('101071105','调兵山','辽宁','辽宁调兵山'),('101071201','朝阳','辽宁','辽宁朝阳'),('101071203','凌源','辽宁','辽宁凌源'),('101071204','喀左','辽宁','辽宁喀左'),('101071205','北票','辽宁','辽宁北票'),('101071207','建平县','辽宁','辽宁建平县'),('101071301','盘锦','辽宁','辽宁盘锦'),('101071302','大洼','辽宁','辽宁大洼'),('101071303','盘山','辽宁','辽宁盘山'),('101071401','葫芦岛','辽宁','辽宁葫芦岛'),('101071402','建昌','辽宁','辽宁建昌'),('101071403','绥中','辽宁','辽宁绥中'),('101071404','兴城','辽宁','辽宁兴城'),('101080101','呼和浩特','内蒙古','内蒙古呼和浩特'),('101080102','土左旗','内蒙古','内蒙古土左旗'),('101080103','托县','内蒙古','内蒙古托县'),('101080104','和林','内蒙古','内蒙古和林'),('101080105','清水河','内蒙古','内蒙古清水河'),('101080106','呼市郊区','内蒙古','内蒙古呼市郊区'),('101080107','武川','内蒙古','内蒙古武川'),('101080201','包头','内蒙古','内蒙古包头'),('101080202','白云鄂博','内蒙古','内蒙古白云鄂博'),('101080203','满都拉','内蒙古','内蒙古满都拉'),('101080204','土右旗','内蒙古','内蒙古土右旗'),('101080205','固阳','内蒙古','内蒙古固阳'),('101080206','达茂旗','内蒙古','内蒙古达茂旗'),('101080207','希拉穆仁','内蒙古','内蒙古希拉穆仁'),('101080301','乌海','内蒙古','内蒙古乌海'),('101080401','集宁','内蒙古','内蒙古集宁'),('101080402','卓资','内蒙古','内蒙古卓资'),('101080403','化德','内蒙古','内蒙古化德'),('101080404','商都','内蒙古','内蒙古商都'),('101080406','兴和','内蒙古','内蒙古兴和'),('101080407','凉城','内蒙古','内蒙古凉城'),('101080408','察右前旗','内蒙古','内蒙古察右前旗'),('101080409','察右中旗','内蒙古','内蒙古察右中旗'),('101080410','察右后旗','内蒙古','内蒙古察右后旗'),('101080411','四子王旗','内蒙古','内蒙古四子王旗'),('101080412','丰镇','内蒙古','内蒙古丰镇'),('101080501','通辽','内蒙古','内蒙古通辽'),('101080502','舍伯吐','内蒙古','内蒙古舍伯吐'),('101080503','科左中旗','内蒙古','内蒙古科左中旗'),('101080504','科左后旗','内蒙古','内蒙古科左后旗'),('101080505','青龙山','内蒙古','内蒙古青龙山'),('101080506','开鲁','内蒙古','内蒙古开鲁'),('101080507','库伦','内蒙古','内蒙古库伦'),('101080508','奈曼','内蒙古','内蒙古奈曼'),('101080509','扎鲁特','内蒙古','内蒙古扎鲁特'),('101080510','高力板','内蒙古','内蒙古高力板'),('101080511','巴雅尔吐胡硕','内蒙古','内蒙古巴雅尔吐胡硕'),('101080601','赤峰','内蒙古','内蒙古赤峰'),('101080603','阿鲁旗','内蒙古','内蒙古阿鲁旗'),('101080604','浩尔吐','内蒙古','内蒙古浩尔吐'),('101080605','巴林左旗','内蒙古','内蒙古巴林左旗'),('101080606','巴林右旗','内蒙古','内蒙古巴林右旗'),('101080607','林西','内蒙古','内蒙古林西'),('101080608','克什克腾','内蒙古','内蒙古克什克腾'),('101080609','翁牛特','内蒙古','内蒙古翁牛特'),('101080610','岗子','内蒙古','内蒙古岗子'),('101080611','喀喇沁','内蒙古','内蒙古喀喇沁'),('101080612','八里罕','内蒙古','内蒙古八里罕'),('101080613','宁城','内蒙古','内蒙古宁城'),('101080614','敖汉','内蒙古','内蒙古敖汉'),('101080615','宝国吐','内蒙古','内蒙古宝国吐'),('101080701','鄂尔多斯','内蒙古','内蒙古鄂尔多斯'),('101080703','达拉特','内蒙古','内蒙古达拉特'),('101080704','准格尔','内蒙古','内蒙古准格尔'),('101080705','鄂前旗','内蒙古','内蒙古鄂前旗'),('101080706','河南','内蒙古','内蒙古河南'),('101080707','伊克乌素','内蒙古','内蒙古伊克乌素'),('101080708','鄂托克','内蒙古','内蒙古鄂托克'),('101080709','杭锦旗','内蒙古','内蒙古杭锦旗'),('101080710','乌审旗','内蒙古','内蒙古乌审旗'),('101080711','伊金霍洛','内蒙古','内蒙古伊金霍洛'),('101080712','乌审召','内蒙古','内蒙古乌审召'),('101080713','东胜','内蒙古','内蒙古东胜'),('101080801','临河','内蒙古','内蒙古临河'),('101080802','五原','内蒙古','内蒙古五原'),('101080803','磴口','内蒙古','内蒙古磴口'),('101080804','乌前旗','内蒙古','内蒙古乌前旗'),('101080805','大佘太','内蒙古','内蒙古大佘太'),('101080806','乌中旗','内蒙古','内蒙古乌中旗'),('101080807','乌后旗','内蒙古','内蒙古乌后旗'),('101080808','海力素','内蒙古','内蒙古海力素'),('101080809','那仁宝力格','内蒙古','内蒙古那仁宝力格'),('101080810','杭锦后旗','内蒙古','内蒙古杭锦后旗'),('101080901','锡林浩特','内蒙古','内蒙古锡林浩特'),('101080903','二连浩特','内蒙古','内蒙古二连浩特'),('101080904','阿巴嘎','内蒙古','内蒙古阿巴嘎'),('101080906','苏左旗','内蒙古','内蒙古苏左旗'),('101080907','苏右旗','内蒙古','内蒙古苏右旗'),('101080908','朱日和','内蒙古','内蒙古朱日和'),('101080909','东乌旗','内蒙古','内蒙古东乌旗'),('101080910','西乌旗','内蒙古','内蒙古西乌旗'),('101080911','太仆寺','内蒙古','内蒙古太仆寺'),('101080912','镶黄旗','内蒙古','内蒙古镶黄旗'),('101080913','正镶白旗','内蒙古','内蒙古正镶白旗'),('101080914','正蓝旗','内蒙古','内蒙古正蓝旗'),('101080915','多伦','内蒙古','内蒙古多伦'),('101080916','博克图','内蒙古','内蒙古博克图'),('101080917','乌拉盖','内蒙古','内蒙古乌拉盖'),('101081001','海拉尔','内蒙古','内蒙古海拉尔'),('101081002','小二沟','内蒙古','内蒙古小二沟'),('101081003','阿荣旗','内蒙古','内蒙古阿荣旗'),('101081004','莫力达瓦','内蒙古','内蒙古莫力达瓦'),('101081005','鄂伦春旗','内蒙古','内蒙古鄂伦春旗'),('101081006','鄂温克旗','内蒙古','内蒙古鄂温克旗'),('101081007','陈旗','内蒙古','内蒙古陈旗'),('101081008','新左旗','内蒙古','内蒙古新左旗'),('101081009','新右旗','内蒙古','内蒙古新右旗'),('101081010','满洲里','内蒙古','内蒙古满洲里'),('101081011','牙克石','内蒙古','内蒙古牙克石'),('101081012','扎兰屯','内蒙古','内蒙古扎兰屯'),('101081014','额尔古纳','内蒙古','内蒙古额尔古纳'),('101081015','根河','内蒙古','内蒙古根河'),('101081016','图里河','内蒙古','内蒙古图里河'),('101081101','乌兰浩特','内蒙古','内蒙古乌兰浩特'),('101081102','阿尔山','内蒙古','内蒙古阿尔山'),('101081103','科右中旗','内蒙古','内蒙古科右中旗'),('101081104','胡尔勒','内蒙古','内蒙古胡尔勒'),('101081105','扎赉特','内蒙古','内蒙古扎赉特'),('101081106','索伦','内蒙古','内蒙古索伦'),('101081107','突泉','内蒙古','内蒙古突泉'),('101081108','霍林郭勒','内蒙古','内蒙古霍林郭勒'),('101081109','科右前旗','内蒙古','内蒙古科右前旗'),('101081201','阿左旗','内蒙古','内蒙古阿左旗'),('101081202','阿右旗','内蒙古','内蒙古阿右旗'),('101081203','额济纳','内蒙古','内蒙古额济纳'),('101081204','拐子湖','内蒙古','内蒙古拐子湖'),('101081205','吉兰太','内蒙古','内蒙古吉兰太'),('101081206','锡林高勒','内蒙古','内蒙古锡林高勒'),('101081207','头道湖','内蒙古','内蒙古头道湖'),('101081208','中泉子','内蒙古','内蒙古中泉子'),('101081209','诺尔公','内蒙古','内蒙古诺尔公'),('101081210','雅布赖','内蒙古','内蒙古雅布赖'),('101081211','乌斯泰','内蒙古','内蒙古乌斯泰'),('101081212','孪井滩','内蒙古','内蒙古孪井滩'),('101090101','石家庄','河北','河北石家庄'),('101090102','井陉','河北','河北井陉'),('101090103','正定','河北','河北正定'),('101090104','栾城','河北','河北栾城'),('101090105','行唐','河北','河北行唐'),('101090106','灵寿','河北','河北灵寿'),('101090107','高邑','河北','河北高邑'),('101090108','深泽','河北','河北深泽'),('101090109','赞皇','河北','河北赞皇'),('101090110','无极','河北','河北无极'),('101090111','平山','河北','河北平山'),('101090112','元氏','河北','河北元氏'),('101090113','赵县','河北','河北赵县'),('101090114','辛集','河北','河北辛集'),('101090115','藁城','河北','河北藁城'),('101090116','晋州','河北','河北晋州'),('101090117','新乐','河北','河北新乐'),('101090118','鹿泉','河北','河北鹿泉'),('101090201','保定','河北','河北保定'),('101090202','满城','河北','河北满城'),('101090203','阜平','河北','河北阜平'),('101090204','徐水','河北','河北徐水'),('101090205','唐县','河北','河北唐县'),('101090206','高阳','河北','河北高阳'),('101090207','容城','河北','河北容城'),('101090209','涞源','河北','河北涞源'),('101090210','望都','河北','河北望都'),('101090211','安新','河北','河北安新'),('101090212','易县','河北','河北易县'),('101090214','曲阳','河北','河北曲阳'),('101090215','蠡县','河北','河北蠡县'),('101090216','顺平','河北','河北顺平'),('101090217','雄县','河北','河北雄县'),('101090218','涿州','河北','河北涿州'),('101090219','定州','河北','河北定州'),('101090220','安国','河北','河北安国'),('101090221','高碑店','河北','河北高碑店'),('101090222','涞水','河北','河北涞水'),('101090223','定兴','河北','河北定兴'),('101090224','清苑','河北','河北清苑'),('101090225','博野','河北','河北博野'),('101090301','张家口','河北','河北张家口'),('101090302','宣化','河北','河北宣化'),('101090303','张北','河北','河北张北'),('101090304','康保','河北','河北康保'),('101090305','沽源','河北','河北沽源'),('101090306','尚义','河北','河北尚义'),('101090307','蔚县','河北','河北蔚县'),('101090308','阳原','河北','河北阳原'),('101090309','怀安','河北','河北怀安'),('101090310','万全','河北','河北万全'),('101090311','怀来','河北','河北怀来'),('101090312','涿鹿','河北','河北涿鹿'),('101090313','赤城','河北','河北赤城'),('101090314','崇礼','河北','河北崇礼'),('101090402','承德','河北','河北承德'),('101090403','承德县','河北','河北承德县'),('101090404','兴隆','河北','河北兴隆'),('101090405','平泉','河北','河北平泉'),('101090406','滦平','河北','河北滦平'),('101090407','隆化','河北','河北隆化'),('101090408','丰宁','河北','河北丰宁'),('101090409','宽城','河北','河北宽城'),('101090410','围场','河北','河北围场'),('101090501','唐山','河北','河北唐山'),('101090502','丰南','河北','河北丰南'),('101090503','丰润','河北','河北丰润'),('101090504','滦县','河北','河北滦县'),('101090505','滦南','河北','河北滦南'),('101090506','乐亭','河北','河北乐亭'),('101090507','迁西','河北','河北迁西'),('101090508','玉田','河北','河北玉田'),('101090509','唐海','河北','河北唐海'),('101090510','遵化','河北','河北遵化'),('101090511','迁安','河北','河北迁安'),('101090512','曹妃甸','河北','河北曹妃甸'),('101090601','廊坊','河北','河北廊坊'),('101090602','固安','河北','河北固安'),('101090603','永清','河北','河北永清'),('101090604','香河','河北','河北香河'),('101090605','大城','河北','河北大城'),('101090606','文安','河北','河北文安'),('101090607','大厂','河北','河北大厂'),('101090608','霸州','河北','河北霸州'),('101090609','三河','河北','河北三河'),('101090701','沧州','河北','河北沧州'),('101090702','青县','河北','河北青县'),('101090703','东光','河北','河北东光'),('101090704','海兴','河北','河北海兴'),('101090705','盐山','河北','河北盐山'),('101090706','肃宁','河北','河北肃宁'),('101090707','南皮','河北','河北南皮'),('101090708','吴桥','河北','河北吴桥'),('101090709','献县','河北','河北献县'),('101090710','孟村','河北','河北孟村'),('101090711','泊头','河北','河北泊头'),('101090712','任丘','河北','河北任丘'),('101090713','黄骅','河北','河北黄骅'),('101090714','河间','河北','河北河间'),('101090716','沧县','河北','河北沧县'),('101090801','衡水','河北','河北衡水'),('101090802','枣强','河北','河北枣强'),('101090803','武邑','河北','河北武邑'),('101090804','武强','河北','河北武强'),('101090805','饶阳','河北','河北饶阳'),('101090806','安平','河北','河北安平'),('101090807','故城','河北','河北故城'),('101090808','景县','河北','河北景县'),('101090809','阜城','河北','河北阜城'),('101090810','冀州','河北','河北冀州'),('101090811','深州','河北','河北深州'),('101090901','邢台','河北','河北邢台'),('101090902','临城','河北','河北临城'),('101090904','内丘','河北','河北内丘'),('101090905','柏乡','河北','河北柏乡'),('101090906','隆尧','河北','河北隆尧'),('101090907','南和','河北','河北南和'),('101090908','宁晋','河北','河北宁晋'),('101090909','巨鹿','河北','河北巨鹿'),('101090910','新河','河北','河北新河'),('101090911','广宗','河北','河北广宗'),('101090912','平乡','河北','河北平乡'),('101090913','威县','河北','河北威县'),('101090914','清河','河北','河北清河'),('101090915','临西','河北','河北临西'),('101090916','南宫','河北','河北南宫'),('101090917','沙河','河北','河北沙河'),('101090918','任县','河北','河北任县'),('101091001','邯郸','河北','河北邯郸'),('101091002','峰峰','河北','河北峰峰'),('101091003','临漳','河北','河北临漳'),('101091004','成安','河北','河北成安'),('101091005','大名','河北','河北大名'),('101091006','涉县','河北','河北涉县'),('101091007','磁县','河北','河北磁县'),('101091008','肥乡','河北','河北肥乡'),('101091009','永年','河北','河北永年'),('101091010','邱县','河北','河北邱县'),('101091011','鸡泽','河北','河北鸡泽'),('101091012','广平','河北','河北广平'),('101091013','馆陶','河北','河北馆陶'),('101091014','魏县','河北','河北魏县'),('101091015','曲周','河北','河北曲周'),('101091016','武安','河北','河北武安'),('101091101','秦皇岛','河北','河北秦皇岛'),('101091102','青龙','河北','河北青龙'),('101091103','昌黎','河北','河北昌黎'),('101091104','抚宁','河北','河北抚宁'),('101091105','卢龙','河北','河北卢龙'),('101091106','北戴河','河北','河北北戴河'),('101100101','太原','山西','山西太原'),('101100102','清徐','山西','山西清徐'),('101100103','阳曲','山西','山西阳曲'),('101100104','娄烦','山西','山西娄烦'),('101100105','古交','山西','山西古交'),('101100106','尖草坪区','山西','山西尖草坪区'),('101100107','小店区','山西','山西小店区'),('101100201','大同','山西','山西大同'),('101100202','阳高','山西','山西阳高'),('101100203','大同县','山西','山西大同县'),('101100204','天镇','山西','山西天镇'),('101100205','广灵','山西','山西广灵'),('101100206','灵丘','山西','山西灵丘'),('101100207','浑源','山西','山西浑源'),('101100208','左云','山西','山西左云'),('101100301','阳泉','山西','山西阳泉'),('101100302','盂县','山西','山西盂县'),('101100303','平定','山西','山西平定'),('101100401','晋中','山西','山西晋中'),('101100402','榆次','山西','山西榆次'),('101100403','榆社','山西','山西榆社'),('101100404','左权','山西','山西左权'),('101100405','和顺','山西','山西和顺'),('101100406','昔阳','山西','山西昔阳'),('101100407','寿阳','山西','山西寿阳'),('101100408','太谷','山西','山西太谷'),('101100409','祁县','山西','山西祁县'),('101100410','平遥','山西','山西平遥'),('101100411','灵石','山西','山西灵石'),('101100412','介休','山西','山西介休'),('101100501','长治','山西','山西长治'),('101100502','黎城','山西','山西黎城'),('101100503','屯留','山西','山西屯留'),('101100504','潞城','山西','山西潞城'),('101100505','襄垣','山西','山西襄垣'),('101100506','平顺','山西','山西平顺'),('101100507','武乡','山西','山西武乡'),('101100508','沁县','山西','山西沁县'),('101100509','长子','山西','山西长子'),('101100510','沁源','山西','山西沁源'),('101100511','壶关','山西','山西壶关'),('101100601','晋城','山西','山西晋城'),('101100602','沁水','山西','山西沁水'),('101100603','阳城','山西','山西阳城'),('101100604','陵川','山西','山西陵川'),('101100605','高平','山西','山西高平'),('101100606','泽州','山西','山西泽州'),('101100701','临汾','山西','山西临汾'),('101100702','曲沃','山西','山西曲沃'),('101100703','永和','山西','山西永和'),('101100704','隰县','山西','山西隰县'),('101100705','大宁','山西','山西大宁'),('101100706','吉县','山西','山西吉县'),('101100707','襄汾','山西','山西襄汾'),('101100708','蒲县','山西','山西蒲县'),('101100709','汾西','山西','山西汾西'),('101100710','洪洞','山西','山西洪洞'),('101100711','霍州','山西','山西霍州'),('101100712','乡宁','山西','山西乡宁'),('101100713','翼城','山西','山西翼城'),('101100714','侯马','山西','山西侯马'),('101100715','浮山','山西','山西浮山'),('101100716','安泽','山西','山西安泽'),('101100717','古县','山西','山西古县'),('101100801','运城','山西','山西运城'),('101100802','临猗','山西','山西临猗'),('101100803','稷山','山西','山西稷山'),('101100804','万荣','山西','山西万荣'),('101100805','河津','山西','山西河津'),('101100806','新绛','山西','山西新绛'),('101100807','绛县','山西','山西绛县'),('101100808','闻喜','山西','山西闻喜'),('101100809','垣曲','山西','山西垣曲'),('101100810','永济','山西','山西永济'),('101100811','芮城','山西','山西芮城'),('101100812','夏县','山西','山西夏县'),('101100813','平陆','山西','山西平陆'),('101100901','朔州','山西','山西朔州'),('101100902','平鲁','山西','山西平鲁'),('101100903','山阴','山西','山西山阴'),('101100904','右玉','山西','山西右玉'),('101100905','应县','山西','山西应县'),('101100906','怀仁','山西','山西怀仁'),('101101001','忻州','山西','山西忻州'),('101101002','定襄','山西','山西定襄'),('101101003','五台县','山西','山西五台县'),('101101004','河曲','山西','山西河曲'),('101101005','偏关','山西','山西偏关'),('101101006','神池','山西','山西神池'),('101101007','宁武','山西','山西宁武'),('101101008','代县','山西','山西代县'),('101101009','繁峙','山西','山西繁峙'),('101101010','五台山','山西','山西五台山'),('101101011','保德','山西','山西保德'),('101101012','静乐','山西','山西静乐'),('101101013','岢岚','山西','山西岢岚'),('101101014','五寨','山西','山西五寨'),('101101015','原平','山西','山西原平'),('101101100','吕梁','山西','山西吕梁'),('101101101','离石','山西','山西离石'),('101101102','临县','山西','山西临县'),('101101103','兴县','山西','山西兴县'),('101101104','岚县','山西','山西岚县'),('101101105','柳林','山西','山西柳林'),('101101106','石楼','山西','山西石楼'),('101101107','方山','山西','山西方山'),('101101108','交口','山西','山西交口'),('101101109','中阳','山西','山西中阳'),('101101110','孝义','山西','山西孝义'),('101101111','汾阳','山西','山西汾阳'),('101101112','文水','山西','山西文水'),('101101113','交城','山西','山西交城'),('101110101','西安','陕西','陕西西安'),('101110102','长安','陕西','陕西长安'),('101110103','临潼','陕西','陕西临潼'),('101110104','蓝田','陕西','陕西蓝田'),('101110105','周至','陕西','陕西周至'),('101110106','户县','陕西','陕西户县'),('101110107','高陵','陕西','陕西高陵'),('101110200','咸阳','陕西','陕西咸阳'),('101110201','三原','陕西','陕西三原'),('101110202','礼泉','陕西','陕西礼泉'),('101110203','永寿','陕西','陕西永寿'),('101110204','淳化','陕西','陕西淳化'),('101110205','泾阳','陕西','陕西泾阳'),('101110206','武功','陕西','陕西武功'),('101110207','乾县','陕西','陕西乾县'),('101110208','彬县','陕西','陕西彬县'),('101110209','长武','陕西','陕西长武'),('101110210','旬邑','陕西','陕西旬邑'),('101110211','兴平','陕西','陕西兴平'),('101110300','延安','陕西','陕西延安'),('101110301','延长','陕西','陕西延长'),('101110302','延川','陕西','陕西延川'),('101110303','子长','陕西','陕西子长'),('101110304','宜川','陕西','陕西宜川'),('101110305','富县','陕西','陕西富县'),('101110306','志丹','陕西','陕西志丹'),('101110307','安塞','陕西','陕西安塞'),('101110308','甘泉','陕西','陕西甘泉'),('101110309','洛川','陕西','陕西洛川'),('101110310','黄陵','陕西','陕西黄陵'),('101110311','黄龙','陕西','陕西黄龙'),('101110312','吴起','陕西','陕西吴起'),('101110401','榆林','陕西','陕西榆林'),('101110402','府谷','陕西','陕西府谷'),('101110403','神木','陕西','陕西神木'),('101110404','佳县','陕西','陕西佳县'),('101110405','定边','陕西','陕西定边'),('101110406','靖边','陕西','陕西靖边'),('101110407','横山','陕西','陕西横山'),('101110408','米脂','陕西','陕西米脂'),('101110409','子洲','陕西','陕西子洲'),('101110410','绥德','陕西','陕西绥德'),('101110411','吴堡','陕西','陕西吴堡'),('101110412','清涧','陕西','陕西清涧'),('101110413','榆阳','陕西','陕西榆阳'),('101110501','渭南','陕西','陕西渭南'),('101110502','华县','陕西','陕西华县'),('101110503','潼关','陕西','陕西潼关'),('101110504','大荔','陕西','陕西大荔'),('101110505','白水','陕西','陕西白水'),('101110506','富平','陕西','陕西富平'),('101110507','蒲城','陕西','陕西蒲城'),('101110508','澄城','陕西','陕西澄城'),('101110509','合阳','陕西','陕西合阳'),('101110510','韩城','陕西','陕西韩城'),('101110511','华阴','陕西','陕西华阴'),('101110601','商洛','陕西','陕西商洛'),('101110602','洛南','陕西','陕西洛南'),('101110603','柞水','陕西','陕西柞水'),('101110604','商州','陕西','陕西商州'),('101110605','镇安','陕西','陕西镇安'),('101110606','丹凤','陕西','陕西丹凤'),('101110607','商南','陕西','陕西商南'),('101110608','山阳','陕西','陕西山阳'),('101110701','安康','陕西','陕西安康'),('101110702','紫阳','陕西','陕西紫阳'),('101110703','石泉','陕西','陕西石泉'),('101110704','汉阴','陕西','陕西汉阴'),('101110705','旬阳','陕西','陕西旬阳'),('101110706','岚皋','陕西','陕西岚皋'),('101110707','平利','陕西','陕西平利'),('101110708','白河','陕西','陕西白河'),('101110709','镇坪','陕西','陕西镇坪'),('101110710','宁陕','陕西','陕西宁陕'),('101110801','汉中','陕西','陕西汉中'),('101110802','略阳','陕西','陕西略阳'),('101110803','勉县','陕西','陕西勉县'),('101110804','留坝','陕西','陕西留坝'),('101110805','洋县','陕西','陕西洋县'),('101110806','城固','陕西','陕西城固'),('101110807','西乡','陕西','陕西西乡'),('101110808','佛坪','陕西','陕西佛坪'),('101110809','宁强','陕西','陕西宁强'),('101110810','南郑','陕西','陕西南郑'),('101110811','镇巴','陕西','陕西镇巴'),('101110901','宝鸡','陕西','陕西宝鸡'),('101110903','千阳','陕西','陕西千阳'),('101110904','麟游','陕西','陕西麟游'),('101110905','岐山','陕西','陕西岐山'),('101110906','凤翔','陕西','陕西凤翔'),('101110907','扶风','陕西','陕西扶风'),('101110908','眉县','陕西','陕西眉县'),('101110909','太白','陕西','陕西太白'),('101110910','凤县','陕西','陕西凤县'),('101110911','陇县','陕西','陕西陇县'),('101110912','陈仓','陕西','陕西陈仓'),('101111001','铜川','陕西','陕西铜川'),('101111002','耀县','陕西','陕西耀县'),('101111003','宜君','陕西','陕西宜君'),('101111004','耀州','陕西','陕西耀州'),('101111101','杨凌','陕西','陕西杨凌'),('101120101','济南','山东','山东济南'),('101120102','长清','山东','山东长清'),('101120103','商河','山东','山东商河'),('101120104','章丘','山东','山东章丘'),('101120105','平阴','山东','山东平阴'),('101120106','济阳','山东','山东济阳'),('101120201','青岛','山东','山东青岛'),('101120202','崂山','山东','山东崂山'),('101120204','即墨','山东','山东即墨'),('101120205','胶州','山东','山东胶州'),('101120206','胶南','山东','山东胶南'),('101120207','莱西','山东','山东莱西'),('101120208','平度','山东','山东平度'),('101120301','淄博','山东','山东淄博'),('101120302','淄川','山东','山东淄川'),('101120303','博山','山东','山东博山'),('101120304','高青','山东','山东高青'),('101120305','周村','山东','山东周村'),('101120306','沂源','山东','山东沂源'),('101120307','桓台','山东','山东桓台'),('101120308','临淄','山东','山东临淄'),('101120401','德州','山东','山东德州'),('101120402','武城','山东','山东武城'),('101120403','临邑','山东','山东临邑'),('101120404','陵县','山东','山东陵县'),('101120405','齐河','山东','山东齐河'),('101120406','乐陵','山东','山东乐陵'),('101120407','庆云','山东','山东庆云'),('101120408','平原','山东','山东平原'),('101120409','宁津','山东','山东宁津'),('101120410','夏津','山东','山东夏津'),('101120411','禹城','山东','山东禹城'),('101120501','烟台','山东','山东烟台'),('101120502','莱州','山东','山东莱州'),('101120503','长岛','山东','山东长岛'),('101120504','蓬莱','山东','山东蓬莱'),('101120505','龙口','山东','山东龙口'),('101120506','招远','山东','山东招远'),('101120507','栖霞','山东','山东栖霞'),('101120508','福山','山东','山东福山'),('101120509','牟平','山东','山东牟平'),('101120510','莱阳','山东','山东莱阳'),('101120511','海阳','山东','山东海阳'),('101120601','潍坊','山东','山东潍坊'),('101120602','青州','山东','山东青州'),('101120603','寿光','山东','山东寿光'),('101120604','临朐','山东','山东临朐'),('101120605','昌乐','山东','山东昌乐'),('101120606','昌邑','山东','山东昌邑'),('101120607','安丘','山东','山东安丘'),('101120608','高密','山东','山东高密'),('101120609','诸城','山东','山东诸城'),('101120701','济宁','山东','山东济宁'),('101120702','嘉祥','山东','山东嘉祥'),('101120703','微山','山东','山东微山'),('101120704','鱼台','山东','山东鱼台'),('101120705','兖州','山东','山东兖州'),('101120706','金乡','山东','山东金乡'),('101120707','汶上','山东','山东汶上'),('101120708','泗水','山东','山东泗水'),('101120709','梁山','山东','山东梁山'),('101120710','曲阜','山东','山东曲阜'),('101120711','邹城','山东','山东邹城'),('101120801','泰安','山东','山东泰安'),('101120802','新泰','山东','山东新泰'),('101120804','肥城','山东','山东肥城'),('101120805','东平','山东','山东东平'),('101120806','宁阳','山东','山东宁阳'),('101120901','临沂','山东','山东临沂'),('101120902','莒南','山东','山东莒南'),('101120903','沂南','山东','山东沂南'),('101120904','苍山','山东','山东苍山'),('101120905','临沭','山东','山东临沭'),('101120906','郯城','山东','山东郯城'),('101120907','蒙阴','山东','山东蒙阴'),('101120908','平邑','山东','山东平邑'),('101120909','费县','山东','山东费县'),('101120910','沂水','山东','山东沂水'),('101121001','菏泽','山东','山东菏泽'),('101121002','鄄城','山东','山东鄄城'),('101121003','郓城','山东','山东郓城'),('101121004','东明','山东','山东东明'),('101121005','定陶','山东','山东定陶'),('101121006','巨野','山东','山东巨野'),('101121007','曹县','山东','山东曹县'),('101121008','成武','山东','山东成武'),('101121009','单县','山东','山东单县'),('101121101','滨州','山东','山东滨州'),('101121102','博兴','山东','山东博兴'),('101121103','无棣','山东','山东无棣'),('101121104','阳信','山东','山东阳信'),('101121105','惠民','山东','山东惠民'),('101121106','沾化','山东','山东沾化'),('101121107','邹平','山东','山东邹平'),('101121201','东营','山东','山东东营'),('101121202','河口','山东','山东河口'),('101121203','垦利','山东','山东垦利'),('101121204','利津','山东','山东利津'),('101121205','广饶','山东','山东广饶'),('101121301','威海','山东','山东威海'),('101121302','文登','山东','山东文登'),('101121303','荣成','山东','山东荣成'),('101121304','乳山','山东','山东乳山'),('101121305','成山头','山东','山东成山头'),('101121306','石岛','山东','山东石岛'),('101121401','枣庄','山东','山东枣庄'),('101121402','薛城','山东','山东薛城'),('101121403','峄城','山东','山东峄城'),('101121404','台儿庄','山东','山东台儿庄'),('101121405','滕州','山东','山东滕州'),('101121501','日照','山东','山东日照'),('101121502','五莲','山东','山东五莲'),('101121503','莒县','山东','山东莒县'),('101121601','莱芜','山东','山东莱芜'),('101121701','聊城','山东','山东聊城'),('101121702','冠县','山东','山东冠县'),('101121703','阳谷','山东','山东阳谷'),('101121704','高唐','山东','山东高唐'),('101121705','茌平','山东','山东茌平'),('101121706','东阿','山东','山东东阿'),('101121707','临清','山东','山东临清'),('101121709','莘县','山东','山东莘县'),('101130101','乌鲁木齐','新疆','新疆乌鲁木齐'),('101130103','小渠子','新疆','新疆小渠子'),('101130105','达坂城','新疆','新疆达坂城'),('101130108','乌鲁木齐牧试站','新疆','新疆乌鲁木齐牧试站'),('101130109','天池','新疆','新疆天池'),('101130110','白杨沟','新疆','新疆白杨沟'),('101130201','克拉玛依','新疆','新疆克拉玛依'),('101130202','乌尔禾','新疆','新疆乌尔禾'),('101130203','白碱滩','新疆','新疆白碱滩'),('101130301','石河子','新疆','新疆石河子'),('101130302','炮台','新疆','新疆炮台'),('101130303','莫索湾','新疆','新疆莫索湾'),('101130401','昌吉','新疆','新疆昌吉'),('101130402','呼图壁','新疆','新疆呼图壁'),('101130403','米泉','新疆','新疆米泉'),('101130404','阜康','新疆','新疆阜康'),('101130405','吉木萨尔','新疆','新疆吉木萨尔'),('101130406','奇台','新疆','新疆奇台'),('101130407','玛纳斯','新疆','新疆玛纳斯'),('101130408','木垒','新疆','新疆木垒'),('101130409','蔡家湖','新疆','新疆蔡家湖'),('101130501','吐鲁番','新疆','新疆吐鲁番'),('101130502','托克逊','新疆','新疆托克逊'),('101130504','鄯善','新疆','新疆鄯善'),('101130601','库尔勒','新疆','新疆库尔勒'),('101130602','轮台','新疆','新疆轮台'),('101130603','尉犁','新疆','新疆尉犁'),('101130604','若羌','新疆','新疆若羌'),('101130605','且末','新疆','新疆且末'),('101130606','和静','新疆','新疆和静'),('101130607','焉耆','新疆','新疆焉耆'),('101130608','和硕','新疆','新疆和硕'),('101130610','巴音布鲁克','新疆','新疆巴音布鲁克'),('101130611','铁干里克','新疆','新疆铁干里克'),('101130612','博湖','新疆','新疆博湖'),('101130613','塔中','新疆','新疆塔中'),('101130614','巴仑台','新疆','新疆巴仑台'),('101130701','阿拉尔','新疆','新疆阿拉尔'),('101130801','阿克苏','新疆','新疆阿克苏'),('101130802','乌什','新疆','新疆乌什'),('101130803','温宿','新疆','新疆温宿'),('101130804','拜城','新疆','新疆拜城'),('101130805','新和','新疆','新疆新和'),('101130806','沙雅','新疆','新疆沙雅'),('101130807','库车','新疆','新疆库车'),('101130808','柯坪','新疆','新疆柯坪'),('101130809','阿瓦提','新疆','新疆阿瓦提'),('101130901','喀什','新疆','新疆喀什'),('101130902','英吉沙','新疆','新疆英吉沙'),('101130903','塔什库尔干','新疆','新疆塔什库尔干'),('101130904','麦盖提','新疆','新疆麦盖提'),('101130905','莎车','新疆','新疆莎车'),('101130906','叶城','新疆','新疆叶城'),('101130907','泽普','新疆','新疆泽普'),('101130908','巴楚','新疆','新疆巴楚'),('101130909','岳普湖','新疆','新疆岳普湖'),('101130910','伽师','新疆','新疆伽师'),('101130911','疏附','新疆','新疆疏附'),('101130912','疏勒','新疆','新疆疏勒'),('101131001','伊宁','新疆','新疆伊宁'),('101131002','察布查尔','新疆','新疆察布查尔'),('101131003','尼勒克','新疆','新疆尼勒克'),('101131004','伊宁县','新疆','新疆伊宁县'),('101131005','巩留','新疆','新疆巩留'),('101131006','新源','新疆','新疆新源'),('101131007','昭苏','新疆','新疆昭苏'),('101131008','特克斯','新疆','新疆特克斯'),('101131009','霍城','新疆','新疆霍城'),('101131010','霍尔果斯','新疆','新疆霍尔果斯'),('101131011','奎屯','新疆','新疆奎屯'),('101131101','塔城','新疆','新疆塔城'),('101131102','裕民','新疆','新疆裕民'),('101131103','额敏','新疆','新疆额敏'),('101131104','和布克赛尔','新疆','新疆和布克赛尔'),('101131105','托里','新疆','新疆托里'),('101131106','乌苏','新疆','新疆乌苏'),('101131107','沙湾','新疆','新疆沙湾'),('101131201','哈密','新疆','新疆哈密'),('101131203','巴里坤','新疆','新疆巴里坤'),('101131204','伊吾','新疆','新疆伊吾'),('101131301','和田','新疆','新疆和田'),('101131302','皮山','新疆','新疆皮山'),('101131303','策勒','新疆','新疆策勒'),('101131304','墨玉','新疆','新疆墨玉'),('101131305','洛浦','新疆','新疆洛浦'),('101131306','民丰','新疆','新疆民丰'),('101131307','于田','新疆','新疆于田'),('101131401','阿勒泰','新疆','新疆阿勒泰'),('101131402','哈巴河','新疆','新疆哈巴河'),('101131405','吉木乃','新疆','新疆吉木乃'),('101131406','布尔津','新疆','新疆布尔津'),('101131407','福海','新疆','新疆福海'),('101131408','富蕴','新疆','新疆富蕴'),('101131409','青河','新疆','新疆青河'),('101131501','阿图什','新疆','新疆阿图什'),('101131502','乌恰','新疆','新疆乌恰'),('101131503','阿克陶','新疆','新疆阿克陶'),('101131504','阿合奇','新疆','新疆阿合奇'),('101131601','博乐','新疆','新疆博乐'),('101131602','温泉','新疆','新疆温泉'),('101131603','精河','新疆','新疆精河'),('101131606','阿拉山口','新疆','新疆阿拉山口'),('101140101','拉萨','西藏','西藏拉萨'),('101140102','当雄','西藏','西藏当雄'),('101140103','尼木','西藏','西藏尼木'),('101140104','林周','西藏','西藏林周'),('101140105','堆龙德庆','西藏','西藏堆龙德庆'),('101140106','曲水','西藏','西藏曲水'),('101140107','达孜','西藏','西藏达孜'),('101140108','墨竹工卡','西藏','西藏墨竹工卡'),('101140201','日喀则','西藏','西藏日喀则'),('101140202','拉孜','西藏','西藏拉孜'),('101140203','南木林','西藏','西藏南木林'),('101140204','聂拉木','西藏','西藏聂拉木'),('101140205','定日','西藏','西藏定日'),('101140206','江孜','西藏','西藏江孜'),('101140207','帕里','西藏','西藏帕里'),('101140208','仲巴','西藏','西藏仲巴'),('101140209','萨嘎','西藏','西藏萨嘎'),('101140210','吉隆','西藏','西藏吉隆'),('101140211','昂仁','西藏','西藏昂仁'),('101140212','定结','西藏','西藏定结'),('101140213','萨迦','西藏','西藏萨迦'),('101140214','谢通门','西藏','西藏谢通门'),('101140216','岗巴','西藏','西藏岗巴'),('101140217','白朗','西藏','西藏白朗'),('101140218','亚东','西藏','西藏亚东'),('101140219','康马','西藏','西藏康马'),('101140220','仁布','西藏','西藏仁布'),('101140301','山南','西藏','西藏山南'),('101140302','贡嘎','西藏','西藏贡嘎'),('101140303','扎囊','西藏','西藏扎囊'),('101140304','加查','西藏','西藏加查'),('101140305','浪卡子','西藏','西藏浪卡子'),('101140306','错那','西藏','西藏错那'),('101140307','隆子','西藏','西藏隆子'),('101140308','泽当','西藏','西藏泽当'),('101140309','乃东','西藏','西藏乃东'),('101140310','桑日','西藏','西藏桑日'),('101140311','洛扎','西藏','西藏洛扎'),('101140312','措美','西藏','西藏措美'),('101140313','琼结','西藏','西藏琼结'),('101140314','曲松','西藏','西藏曲松'),('101140401','林芝','西藏','西藏林芝'),('101140402','波密','西藏','西藏波密'),('101140403','米林','西藏','西藏米林'),('101140404','察隅','西藏','西藏察隅'),('101140405','工布江达','西藏','西藏工布江达'),('101140406','朗县','西藏','西藏朗县'),('101140407','墨脱','西藏','西藏墨脱'),('101140501','昌都','西藏','西藏昌都'),('101140502','丁青','西藏','西藏丁青'),('101140503','边坝','西藏','西藏边坝'),('101140504','洛隆','西藏','西藏洛隆'),('101140505','左贡','西藏','西藏左贡'),('101140506','芒康','西藏','西藏芒康'),('101140507','类乌齐','西藏','西藏类乌齐'),('101140508','八宿','西藏','西藏八宿'),('101140509','江达','西藏','西藏江达'),('101140510','察雅','西藏','西藏察雅'),('101140511','贡觉','西藏','西藏贡觉'),('101140601','那曲','西藏','西藏那曲'),('101140602','尼玛','西藏','西藏尼玛'),('101140603','嘉黎','西藏','西藏嘉黎'),('101140604','班戈','西藏','西藏班戈'),('101140605','安多','西藏','西藏安多'),('101140606','索县','西藏','西藏索县'),('101140607','聂荣','西藏','西藏聂荣'),('101140608','巴青','西藏','西藏巴青'),('101140609','比如','西藏','西藏比如'),('101140610','双湖','西藏','西藏双湖'),('101140701','阿里','西藏','西藏阿里'),('101140702','改则','西藏','西藏改则'),('101140703','申扎','西藏','西藏申扎'),('101140704','狮泉河','西藏','西藏狮泉河'),('101140705','普兰','西藏','西藏普兰'),('101140706','札达','西藏','西藏札达'),('101140707','噶尔','西藏','西藏噶尔'),('101140708','日土','西藏','西藏日土'),('101140709','革吉','西藏','西藏革吉'),('101140710','措勤','西藏','西藏措勤'),('101150101','西宁','青海','青海西宁'),('101150102','大通','青海','青海大通'),('101150103','湟源','青海','青海湟源'),('101150104','湟中','青海','青海湟中'),('101150201','海东','青海','青海海东'),('101150202','乐都','青海','青海乐都'),('101150203','民和','青海','青海民和'),('101150204','互助','青海','青海互助'),('101150205','化隆','青海','青海化隆'),('101150206','循化','青海','青海循化'),('101150207','冷湖','青海','青海冷湖'),('101150208','平安','青海','青海平安'),('101150301','黄南','青海','青海黄南'),('101150302','尖扎','青海','青海尖扎'),('101150303','泽库','青海','青海泽库'),('101150304','河南','青海','青海河南'),('101150305','同仁','青海','青海同仁'),('101150401','海南','青海','青海海南'),('101150404','贵德','青海','青海贵德'),('101150406','兴海','青海','青海兴海'),('101150407','贵南','青海','青海贵南'),('101150408','同德','青海','青海同德'),('101150409','共和','青海','青海共和'),('101150501','果洛','青海','青海果洛'),('101150502','班玛','青海','青海班玛'),('101150503','甘德','青海','青海甘德'),('101150504','达日','青海','青海达日'),('101150505','久治','青海','青海久治'),('101150506','玛多','青海','青海玛多'),('101150507','多县','青海','青海多县'),('101150508','玛沁','青海','青海玛沁'),('101150601','玉树','青海','青海玉树'),('101150602','称多','青海','青海称多'),('101150603','治多','青海','青海治多'),('101150604','杂多','青海','青海杂多'),('101150605','囊谦','青海','青海囊谦'),('101150606','曲麻莱','青海','青海曲麻莱'),('101150701','海西','青海','青海海西'),('101150708','天峻','青海','青海天峻'),('101150709','乌兰','青海','青海乌兰'),('101150712','茫崖','青海','青海茫崖'),('101150713','大柴旦','青海','青海大柴旦'),('101150716','德令哈','青海','青海德令哈'),('101150801','海北','青海','青海海北'),('101150802','门源','青海','青海门源'),('101150803','祁连','青海','青海祁连'),('101150804','海晏','青海','青海海晏'),('101150806','刚察','青海','青海刚察'),('101150901','格尔木','青海','青海格尔木'),('101150902','都兰','青海','青海都兰'),('101160101','兰州','甘肃','甘肃兰州'),('101160102','皋兰','甘肃','甘肃皋兰'),('101160103','永登','甘肃','甘肃永登'),('101160104','榆中','甘肃','甘肃榆中'),('101160201','定西','甘肃','甘肃定西'),('101160202','通渭','甘肃','甘肃通渭'),('101160203','陇西','甘肃','甘肃陇西'),('101160204','渭源','甘肃','甘肃渭源'),('101160205','临洮','甘肃','甘肃临洮'),('101160206','漳县','甘肃','甘肃漳县'),('101160207','岷县','甘肃','甘肃岷县'),('101160208','安定','甘肃','甘肃安定'),('101160301','平凉','甘肃','甘肃平凉'),('101160302','泾川','甘肃','甘肃泾川'),('101160303','灵台','甘肃','甘肃灵台'),('101160304','崇信','甘肃','甘肃崇信'),('101160305','华亭','甘肃','甘肃华亭'),('101160306','庄浪','甘肃','甘肃庄浪'),('101160307','静宁','甘肃','甘肃静宁'),('101160308','崆峒','甘肃','甘肃崆峒'),('101160401','西峰','甘肃','甘肃西峰'),('101160403','环县','甘肃','甘肃环县'),('101160404','华池','甘肃','甘肃华池'),('101160405','合水','甘肃','甘肃合水'),('101160406','正宁','甘肃','甘肃正宁'),('101160407','宁县','甘肃','甘肃宁县'),('101160408','镇原','甘肃','甘肃镇原'),('101160409','庆城','甘肃','甘肃庆城'),('101160501','武威','甘肃','甘肃武威'),('101160502','民勤','甘肃','甘肃民勤'),('101160503','古浪','甘肃','甘肃古浪'),('101160505','天祝','甘肃','甘肃天祝'),('101160601','金昌','甘肃','甘肃金昌'),('101160602','永昌','甘肃','甘肃永昌'),('101160701','张掖','甘肃','甘肃张掖'),('101160702','肃南','甘肃','甘肃肃南'),('101160703','民乐','甘肃','甘肃民乐'),('101160704','临泽','甘肃','甘肃临泽'),('101160705','高台','甘肃','甘肃高台'),('101160706','山丹','甘肃','甘肃山丹'),('101160801','酒泉','甘肃','甘肃酒泉'),('101160803','金塔','甘肃','甘肃金塔'),('101160804','阿克塞','甘肃','甘肃阿克塞'),('101160805','瓜州','甘肃','甘肃瓜州'),('101160806','肃北','甘肃','甘肃肃北'),('101160807','玉门','甘肃','甘肃玉门'),('101160808','敦煌','甘肃','甘肃敦煌'),('101160901','天水','甘肃','甘肃天水'),('101160903','清水','甘肃','甘肃清水'),('101160904','秦安','甘肃','甘肃秦安'),('101160905','甘谷','甘肃','甘肃甘谷'),('101160906','武山','甘肃','甘肃武山'),('101160907','张家川','甘肃','甘肃张家川'),('101160908','麦积','甘肃','甘肃麦积'),('101161001','武都','甘肃','甘肃武都'),('101161002','成县','甘肃','甘肃成县'),('101161003','文县','甘肃','甘肃文县'),('101161004','宕昌','甘肃','甘肃宕昌'),('101161005','康县','甘肃','甘肃康县'),('101161006','西和','甘肃','甘肃西和'),('101161007','礼县','甘肃','甘肃礼县'),('101161008','徽县','甘肃','甘肃徽县'),('101161009','两当','甘肃','甘肃两当'),('101161101','临夏','甘肃','甘肃临夏'),('101161102','康乐','甘肃','甘肃康乐'),('101161103','永靖','甘肃','甘肃永靖'),('101161104','广河','甘肃','甘肃广河'),('101161105','和政','甘肃','甘肃和政'),('101161106','东乡','甘肃','甘肃东乡'),('101161107','积石山','甘肃','甘肃积石山'),('101161201','合作','甘肃','甘肃合作'),('101161202','临潭','甘肃','甘肃临潭'),('101161203','卓尼','甘肃','甘肃卓尼'),('101161204','舟曲','甘肃','甘肃舟曲'),('101161205','迭部','甘肃','甘肃迭部'),('101161206','玛曲','甘肃','甘肃玛曲'),('101161207','碌曲','甘肃','甘肃碌曲'),('101161208','夏河','甘肃','甘肃夏河'),('101161301','白银','甘肃','甘肃白银'),('101161302','靖远','甘肃','甘肃靖远'),('101161303','会宁','甘肃','甘肃会宁'),('101161304','平川','甘肃','甘肃平川'),('101161305','景泰','甘肃','甘肃景泰'),('101161401','嘉峪关','甘肃','甘肃嘉峪关'),('101170101','银川','宁夏','宁夏银川'),('101170102','永宁','宁夏','宁夏永宁'),('101170103','灵武','宁夏','宁夏灵武'),('101170104','贺兰','宁夏','宁夏贺兰'),('101170201','石嘴山','宁夏','宁夏石嘴山'),('101170202','惠农','宁夏','宁夏惠农'),('101170203','平罗','宁夏','宁夏平罗'),('101170204','陶乐','宁夏','宁夏陶乐'),('101170301','吴忠','宁夏','宁夏吴忠'),('101170302','同心','宁夏','宁夏同心'),('101170303','盐池','宁夏','宁夏盐池'),('101170306','青铜峡','宁夏','宁夏青铜峡'),('101170401','固原','宁夏','宁夏固原'),('101170402','西吉','宁夏','宁夏西吉'),('101170403','隆德','宁夏','宁夏隆德'),('101170404','泾源','宁夏','宁夏泾源'),('101170406','彭阳','宁夏','宁夏彭阳'),('101170501','中卫','宁夏','宁夏中卫'),('101170502','中宁','宁夏','宁夏中宁'),('101170504','海原','宁夏','宁夏海原'),('101180101','郑州','河南','河南郑州'),('101180102','巩义','河南','河南巩义'),('101180103','荥阳','河南','河南荥阳'),('101180104','登封','河南','河南登封'),('101180105','新密','河南','河南新密'),('101180106','新郑','河南','河南新郑'),('101180107','中牟','河南','河南中牟'),('101180108','上街','河南','河南上街'),('101180201','安阳','河南','河南安阳'),('101180202','汤阴','河南','河南汤阴'),('101180203','滑县','河南','河南滑县'),('101180204','内黄','河南','河南内黄'),('101180205','林州','河南','河南林州'),('101180301','新乡','河南','河南新乡'),('101180302','获嘉','河南','河南获嘉'),('101180303','原阳','河南','河南原阳'),('101180304','辉县','河南','河南辉县'),('101180305','卫辉','河南','河南卫辉'),('101180306','延津','河南','河南延津'),('101180307','封丘','河南','河南封丘'),('101180308','长垣','河南','河南长垣'),('101180401','许昌','河南','河南许昌'),('101180402','鄢陵','河南','河南鄢陵'),('101180403','襄城','河南','河南襄城'),('101180404','长葛','河南','河南长葛'),('101180405','禹州','河南','河南禹州'),('101180501','平顶山','河南','河南平顶山'),('101180502','郏县','河南','河南郏县'),('101180503','宝丰','河南','河南宝丰'),('101180504','汝州','河南','河南汝州'),('101180505','叶县','河南','河南叶县'),('101180506','舞钢','河南','河南舞钢'),('101180507','鲁山','河南','河南鲁山'),('101180508','石龙','河南','河南石龙'),('101180601','信阳','河南','河南信阳'),('101180602','息县','河南','河南息县'),('101180603','罗山','河南','河南罗山'),('101180604','光山','河南','河南光山'),('101180605','新县','河南','河南新县'),('101180606','淮滨','河南','河南淮滨'),('101180607','潢川','河南','河南潢川'),('101180608','固始','河南','河南固始'),('101180609','商城','河南','河南商城'),('101180701','南阳','河南','河南南阳'),('101180702','南召','河南','河南南召'),('101180703','方城','河南','河南方城'),('101180704','社旗','河南','河南社旗'),('101180705','西峡','河南','河南西峡'),('101180706','内乡','河南','河南内乡'),('101180707','镇平','河南','河南镇平'),('101180708','淅川','河南','河南淅川'),('101180709','新野','河南','河南新野'),('101180710','唐河','河南','河南唐河'),('101180711','邓州','河南','河南邓州'),('101180712','桐柏','河南','河南桐柏'),('101180801','开封','河南','河南开封'),('101180802','杞县','河南','河南杞县'),('101180803','尉氏','河南','河南尉氏'),('101180804','通许','河南','河南通许'),('101180805','兰考','河南','河南兰考'),('101180901','洛阳','河南','河南洛阳'),('101180902','新安','河南','河南新安'),('101180903','孟津','河南','河南孟津'),('101180904','宜阳','河南','河南宜阳'),('101180905','洛宁','河南','河南洛宁'),('101180906','伊川','河南','河南伊川'),('101180907','嵩县','河南','河南嵩县'),('101180908','偃师','河南','河南偃师'),('101180909','栾川','河南','河南栾川'),('101180910','汝阳','河南','河南汝阳'),('101180911','吉利','河南','河南吉利'),('101181001','商丘','河南','河南商丘'),('101181003','睢县','河南','河南睢县'),('101181004','民权','河南','河南民权'),('101181005','虞城','河南','河南虞城'),('101181006','柘城','河南','河南柘城'),('101181007','宁陵','河南','河南宁陵'),('101181008','夏邑','河南','河南夏邑'),('101181009','永城','河南','河南永城'),('101181101','焦作','河南','河南焦作'),('101181102','修武','河南','河南修武'),('101181103','武陟','河南','河南武陟'),('101181104','沁阳','河南','河南沁阳'),('101181106','博爱','河南','河南博爱'),('101181107','温县','河南','河南温县'),('101181108','孟州','河南','河南孟州'),('101181201','鹤壁','河南','河南鹤壁'),('101181202','浚县','河南','河南浚县'),('101181203','淇县','河南','河南淇县'),('101181301','濮阳','河南','河南濮阳'),('101181302','台前','河南','河南台前'),('101181303','南乐','河南','河南南乐'),('101181304','清丰','河南','河南清丰'),('101181305','范县','河南','河南范县'),('101181401','周口','河南','河南周口'),('101181402','扶沟','河南','河南扶沟'),('101181403','太康','河南','河南太康'),('101181404','淮阳','河南','河南淮阳'),('101181405','西华','河南','河南西华'),('101181406','商水','河南','河南商水'),('101181407','项城','河南','河南项城'),('101181408','郸城','河南','河南郸城'),('101181409','鹿邑','河南','河南鹿邑'),('101181410','沈丘','河南','河南沈丘'),('101181501','漯河','河南','河南漯河'),('101181502','临颍','河南','河南临颍'),('101181503','舞阳','河南','河南舞阳'),('101181601','驻马店','河南','河南驻马店'),('101181602','西平','河南','河南西平'),('101181603','遂平','河南','河南遂平'),('101181604','上蔡','河南','河南上蔡'),('101181605','汝南','河南','河南汝南'),('101181606','泌阳','河南','河南泌阳'),('101181607','平舆','河南','河南平舆'),('101181608','新蔡','河南','河南新蔡'),('101181609','确山','河南','河南确山'),('101181610','正阳','河南','河南正阳'),('101181701','三门峡','河南','河南三门峡'),('101181702','灵宝','河南','河南灵宝'),('101181703','渑池','河南','河南渑池'),('101181704','卢氏','河南','河南卢氏'),('101181705','义马','河南','河南义马'),('101181706','陕县','河南','河南陕县'),('101181801','济源','河南','河南济源'),('101190101','南京','江苏','江苏南京'),('101190102','溧水','江苏','江苏溧水'),('101190103','高淳','江苏','江苏高淳'),('101190104','江宁','江苏','江苏江宁'),('101190105','六合','江苏','江苏六合'),('101190106','江浦','江苏','江苏江浦'),('101190107','浦口','江苏','江苏浦口'),('101190201','无锡','江苏','江苏无锡'),('101190202','江阴','江苏','江苏江阴'),('101190203','宜兴','江苏','江苏宜兴'),('101190204','锡山','江苏','江苏锡山'),('101190301','镇江','江苏','江苏镇江'),('101190302','丹阳','江苏','江苏丹阳'),('101190303','扬中','江苏','江苏扬中'),('101190304','句容','江苏','江苏句容'),('101190305','丹徒','江苏','江苏丹徒'),('101190401','苏州','江苏','江苏苏州'),('101190402','常熟','江苏','江苏常熟'),('101190403','张家港','江苏','江苏张家港'),('101190404','昆山','江苏','江苏昆山'),('101190405','吴中','江苏','江苏吴中'),('101190407','吴江','江苏','江苏吴江'),('101190408','太仓','江苏','江苏太仓'),('101190501','南通','江苏','江苏南通'),('101190502','海安','江苏','江苏海安'),('101190503','如皋','江苏','江苏如皋'),('101190504','如东','江苏','江苏如东'),('101190507','启东','江苏','江苏启东'),('101190508','海门','江苏','江苏海门'),('101190509','通州','江苏','江苏通州'),('101190601','扬州','江苏','江苏扬州'),('101190602','宝应','江苏','江苏宝应'),('101190603','仪征','江苏','江苏仪征'),('101190604','高邮','江苏','江苏高邮'),('101190605','江都','江苏','江苏江都'),('101190606','邗江','江苏','江苏邗江'),('101190701','盐城','江苏','江苏盐城'),('101190702','响水','江苏','江苏响水'),('101190703','滨海','江苏','江苏滨海'),('101190704','阜宁','江苏','江苏阜宁'),('101190705','射阳','江苏','江苏射阳'),('101190706','建湖','江苏','江苏建湖'),('101190707','东台','江苏','江苏东台'),('101190708','大丰','江苏','江苏大丰'),('101190709','盐都','江苏','江苏盐都'),('101190801','徐州','江苏','江苏徐州'),('101190802','铜山','江苏','江苏铜山'),('101190803','丰县','江苏','江苏丰县'),('101190804','沛县','江苏','江苏沛县'),('101190805','邳州','江苏','江苏邳州'),('101190806','睢宁','江苏','江苏睢宁'),('101190807','新沂','江苏','江苏新沂'),('101190901','淮安','江苏','江苏淮安'),('101190902','金湖','江苏','江苏金湖'),('101190903','盱眙','江苏','江苏盱眙'),('101190904','洪泽','江苏','江苏洪泽'),('101190905','涟水','江苏','江苏涟水'),('101190906','淮阴区','江苏','江苏淮阴区'),('101190908','淮安区','江苏','江苏淮安区'),('101191001','连云港','江苏','江苏连云港'),('101191002','东海','江苏','江苏东海'),('101191003','赣榆','江苏','江苏赣榆'),('101191004','灌云','江苏','江苏灌云'),('101191005','灌南','江苏','江苏灌南'),('101191101','常州','江苏','江苏常州'),('101191102','溧阳','江苏','江苏溧阳'),('101191103','金坛','江苏','江苏金坛'),('101191104','武进','江苏','江苏武进'),('101191201','泰州','江苏','江苏泰州'),('101191202','兴化','江苏','江苏兴化'),('101191203','泰兴','江苏','江苏泰兴'),('101191204','姜堰','江苏','江苏姜堰'),('101191205','靖江','江苏','江苏靖江'),('101191301','宿迁','江苏','江苏宿迁'),('101191302','沭阳','江苏','江苏沭阳'),('101191303','泗阳','江苏','江苏泗阳'),('101191304','泗洪','江苏','江苏泗洪'),('101191305','宿豫','江苏','江苏宿豫'),('101200101','武汉','湖北','湖北武汉'),('101200102','蔡甸','湖北','湖北蔡甸'),('101200103','黄陂','湖北','湖北黄陂'),('101200104','新洲','湖北','湖北新洲'),('101200105','江夏','湖北','湖北江夏'),('101200106','东西湖','湖北','湖北东西湖'),('101200201','襄阳','湖北','湖北襄阳'),('101200202','襄州','湖北','湖北襄州'),('101200203','保康','湖北','湖北保康'),('101200204','南漳','湖北','湖北南漳'),('101200205','宜城','湖北','湖北宜城'),('101200206','老河口','湖北','湖北老河口'),('101200207','谷城','湖北','湖北谷城'),('101200208','枣阳','湖北','湖北枣阳'),('101200301','鄂州','湖北','湖北鄂州'),('101200302','梁子湖','湖北','湖北梁子湖'),('101200401','孝感','湖北','湖北孝感'),('101200402','安陆','湖北','湖北安陆'),('101200403','云梦','湖北','湖北云梦'),('101200404','大悟','湖北','湖北大悟'),('101200405','应城','湖北','湖北应城'),('101200406','汉川','湖北','湖北汉川'),('101200407','孝昌','湖北','湖北孝昌'),('101200501','黄冈','湖北','湖北黄冈'),('101200502','红安','湖北','湖北红安'),('101200503','麻城','湖北','湖北麻城'),('101200504','罗田','湖北','湖北罗田'),('101200505','英山','湖北','湖北英山'),('101200506','浠水','湖北','湖北浠水'),('101200507','蕲春','湖北','湖北蕲春'),('101200508','黄梅','湖北','湖北黄梅'),('101200509','武穴','湖北','湖北武穴'),('101200510','团风','湖北','湖北团风'),('101200601','黄石','湖北','湖北黄石'),('101200602','大冶','湖北','湖北大冶'),('101200603','阳新','湖北','湖北阳新'),('101200604','铁山','湖北','湖北铁山'),('101200605','下陆','湖北','湖北下陆'),('101200606','西塞山','湖北','湖北西塞山'),('101200701','咸宁','湖北','湖北咸宁'),('101200702','赤壁','湖北','湖北赤壁'),('101200703','嘉鱼','湖北','湖北嘉鱼'),('101200704','崇阳','湖北','湖北崇阳'),('101200705','通城','湖北','湖北通城'),('101200706','通山','湖北','湖北通山'),('101200801','荆州','湖北','湖北荆州'),('101200802','江陵','湖北','湖北江陵'),('101200803','公安','湖北','湖北公安'),('101200804','石首','湖北','湖北石首'),('101200805','监利','湖北','湖北监利'),('101200806','洪湖','湖北','湖北洪湖'),('101200807','松滋','湖北','湖北松滋'),('101200901','宜昌','湖北','湖北宜昌'),('101200902','远安','湖北','湖北远安'),('101200903','秭归','湖北','湖北秭归'),('101200904','兴山','湖北','湖北兴山'),('101200906','五峰','湖北','湖北五峰'),('101200907','当阳','湖北','湖北当阳'),('101200908','长阳','湖北','湖北长阳'),('101200909','宜都','湖北','湖北宜都'),('101200910','枝江','湖北','湖北枝江'),('101200911','三峡','湖北','湖北三峡'),('101200912','夷陵','湖北','湖北夷陵'),('101201001','恩施','湖北','湖北恩施'),('101201002','利川','湖北','湖北利川'),('101201003','建始','湖北','湖北建始'),('101201004','咸丰','湖北','湖北咸丰'),('101201005','宣恩','湖北','湖北宣恩'),('101201006','鹤峰','湖北','湖北鹤峰'),('101201007','来凤','湖北','湖北来凤'),('101201008','巴东','湖北','湖北巴东'),('101201101','十堰','湖北','湖北十堰'),('101201102','竹溪','湖北','湖北竹溪'),('101201103','郧西','湖北','湖北郧西'),('101201104','郧县','湖北','湖北郧县'),('101201105','竹山','湖北','湖北竹山'),('101201106','房县','湖北','湖北房县'),('101201107','丹江口','湖北','湖北丹江口'),('101201108','茅箭','湖北','湖北茅箭'),('101201109','张湾','湖北','湖北张湾'),('101201201','神农架','湖北','湖北神农架'),('101201301','随州','湖北','湖北随州'),('101201302','广水','湖北','湖北广水'),('101201401','荆门','湖北','湖北荆门'),('101201402','钟祥','湖北','湖北钟祥'),('101201403','京山','湖北','湖北京山'),('101201404','掇刀','湖北','湖北掇刀'),('101201405','沙洋','湖北','湖北沙洋'),('101201406','沙市','湖北','湖北沙市'),('101201501','天门','湖北','湖北天门'),('101201601','仙桃','湖北','湖北仙桃'),('101201701','潜江','湖北','湖北潜江'),('101210101','杭州','浙江','浙江杭州'),('101210102','萧山','浙江','浙江萧山'),('101210103','桐庐','浙江','浙江桐庐'),('101210104','淳安','浙江','浙江淳安'),('101210105','建德','浙江','浙江建德'),('101210106','余杭','浙江','浙江余杭'),('101210107','临安','浙江','浙江临安'),('101210108','富阳','浙江','浙江富阳'),('101210201','湖州','浙江','浙江湖州'),('101210202','长兴','浙江','浙江长兴'),('101210203','安吉','浙江','浙江安吉'),('101210204','德清','浙江','浙江德清'),('101210301','嘉兴','浙江','浙江嘉兴'),('101210302','嘉善','浙江','浙江嘉善'),('101210303','海宁','浙江','浙江海宁'),('101210304','桐乡','浙江','浙江桐乡'),('101210305','平湖','浙江','浙江平湖'),('101210306','海盐','浙江','浙江海盐'),('101210401','宁波','浙江','浙江宁波'),('101210403','慈溪','浙江','浙江慈溪'),('101210404','余姚','浙江','浙江余姚'),('101210405','奉化','浙江','浙江奉化'),('101210406','象山','浙江','浙江象山'),('101210408','宁海','浙江','浙江宁海'),('101210410','北仑','浙江','浙江北仑'),('101210411','鄞州','浙江','浙江鄞州'),('101210412','镇海','浙江','浙江镇海'),('101210501','绍兴','浙江','浙江绍兴'),('101210502','诸暨','浙江','浙江诸暨'),('101210503','上虞','浙江','浙江上虞'),('101210504','新昌','浙江','浙江新昌'),('101210505','嵊州','浙江','浙江嵊州'),('101210601','台州','浙江','浙江台州'),('101210603','玉环','浙江','浙江玉环'),('101210604','三门','浙江','浙江三门'),('101210605','天台','浙江','浙江天台'),('101210606','仙居','浙江','浙江仙居'),('101210607','温岭','浙江','浙江温岭'),('101210609','洪家','浙江','浙江洪家'),('101210610','临海','浙江','浙江临海'),('101210611','椒江','浙江','浙江椒江'),('101210612','黄岩','浙江','浙江黄岩'),('101210613','路桥','浙江','浙江路桥'),('101210701','温州','浙江','浙江温州'),('101210702','泰顺','浙江','浙江泰顺'),('101210703','文成','浙江','浙江文成'),('101210704','平阳','浙江','浙江平阳'),('101210705','瑞安','浙江','浙江瑞安'),('101210706','洞头','浙江','浙江洞头'),('101210707','乐清','浙江','浙江乐清'),('101210708','永嘉','浙江','浙江永嘉'),('101210709','苍南','浙江','浙江苍南'),('101210801','丽水','浙江','浙江丽水'),('101210802','遂昌','浙江','浙江遂昌'),('101210803','龙泉','浙江','浙江龙泉'),('101210804','缙云','浙江','浙江缙云'),('101210805','青田','浙江','浙江青田'),('101210806','云和','浙江','浙江云和'),('101210807','庆元','浙江','浙江庆元'),('101210808','松阳','浙江','浙江松阳'),('101210809','景宁','浙江','浙江景宁'),('101210901','金华','浙江','浙江金华'),('101210902','浦江','浙江','浙江浦江'),('101210903','兰溪','浙江','浙江兰溪'),('101210904','义乌','浙江','浙江义乌'),('101210905','东阳','浙江','浙江东阳'),('101210906','武义','浙江','浙江武义'),('101210907','永康','浙江','浙江永康'),('101210908','磐安','浙江','浙江磐安'),('101211001','衢州','浙江','浙江衢州'),('101211002','常山','浙江','浙江常山'),('101211003','开化','浙江','浙江开化'),('101211004','龙游','浙江','浙江龙游'),('101211005','江山','浙江','浙江江山'),('101211006','衢江','浙江','浙江衢江'),('101211101','舟山','浙江','浙江舟山'),('101211102','嵊泗','浙江','浙江嵊泗'),('101211104','岱山','浙江','浙江岱山'),('101211105','普陀','浙江','浙江普陀'),('101211106','定海','浙江','浙江定海'),('101220101','合肥','安徽','安徽合肥'),('101220102','长丰','安徽','安徽长丰'),('101220103','肥东','安徽','安徽肥东'),('101220104','肥西','安徽','安徽肥西'),('101220201','蚌埠','安徽','安徽蚌埠'),('101220202','怀远','安徽','安徽怀远'),('101220203','固镇','安徽','安徽固镇'),('101220204','五河','安徽','安徽五河'),('101220301','芜湖','安徽','安徽芜湖'),('101220302','繁昌','安徽','安徽繁昌'),('101220303','芜湖县','安徽','安徽芜湖县'),('101220304','南陵','安徽','安徽南陵'),('101220401','淮南','安徽','安徽淮南'),('101220402','凤台','安徽','安徽凤台'),('101220403','潘集','安徽','安徽潘集'),('101220501','马鞍山','安徽','安徽马鞍山'),('101220502','当涂','安徽','安徽当涂'),('101220601','安庆','安徽','安徽安庆'),('101220602','枞阳','安徽','安徽枞阳'),('101220603','太湖','安徽','安徽太湖'),('101220604','潜山','安徽','安徽潜山'),('101220605','怀宁','安徽','安徽怀宁'),('101220606','宿松','安徽','安徽宿松'),('101220607','望江','安徽','安徽望江'),('101220608','岳西','安徽','安徽岳西'),('101220609','桐城','安徽','安徽桐城'),('101220701','宿州','安徽','安徽宿州'),('101220702','砀山','安徽','安徽砀山'),('101220703','灵璧','安徽','安徽灵璧'),('101220704','泗县','安徽','安徽泗县'),('101220705','萧县','安徽','安徽萧县'),('101220801','阜阳','安徽','安徽阜阳'),('101220802','阜南','安徽','安徽阜南'),('101220803','颍上','安徽','安徽颍上'),('101220804','临泉','安徽','安徽临泉'),('101220805','界首','安徽','安徽界首'),('101220806','太和','安徽','安徽太和'),('101220901','亳州','安徽','安徽亳州'),('101220902','涡阳','安徽','安徽涡阳'),('101220903','利辛','安徽','安徽利辛'),('101220904','蒙城','安徽','安徽蒙城'),('101221001','黄山市','安徽','安徽黄山市'),('101221002','黄山区','安徽','安徽黄山区'),('101221003','屯溪','安徽','安徽屯溪'),('101221004','祁门','安徽','安徽祁门'),('101221005','黟县','安徽','安徽黟县'),('101221006','歙县','安徽','安徽歙县'),('101221007','休宁','安徽','安徽休宁'),('101221008','黄山风景区','安徽','安徽黄山风景区'),('101221101','滁州','安徽','安徽滁州'),('101221102','凤阳','安徽','安徽凤阳'),('101221103','明光','安徽','安徽明光'),('101221104','定远','安徽','安徽定远'),('101221105','全椒','安徽','安徽全椒'),('101221106','来安','安徽','安徽来安'),('101221107','天长','安徽','安徽天长'),('101221201','淮北','安徽','安徽淮北'),('101221202','濉溪','安徽','安徽濉溪'),('101221301','铜陵','安徽','安徽铜陵'),('101221401','宣城','安徽','安徽宣城'),('101221402','泾县','安徽','安徽泾县'),('101221403','旌德','安徽','安徽旌德'),('101221404','宁国','安徽','安徽宁国'),('101221405','绩溪','安徽','安徽绩溪'),('101221406','广德','安徽','安徽广德'),('101221407','郎溪','安徽','安徽郎溪'),('101221501','六安','安徽','安徽六安'),('101221502','霍邱','安徽','安徽霍邱'),('101221503','寿县','安徽','安徽寿县'),('101221505','金寨','安徽','安徽金寨'),('101221506','霍山','安徽','安徽霍山'),('101221507','舒城','安徽','安徽舒城'),('101221601','巢湖','安徽','安徽巢湖'),('101221602','庐江','安徽','安徽庐江'),('101221603','无为','安徽','安徽无为'),('101221604','含山','安徽','安徽含山'),('101221605','和县','安徽','安徽和县'),('101221701','池州','安徽','安徽池州'),('101221702','东至','安徽','安徽东至'),('101221703','青阳','安徽','安徽青阳'),('101221704','九华山','安徽','安徽九华山'),('101221705','石台','安徽','安徽石台'),('101230101','福州','福建','福建福州'),('101230102','闽清','福建','福建闽清'),('101230103','闽侯','福建','福建闽侯'),('101230104','罗源','福建','福建罗源'),('101230105','连江','福建','福建连江'),('101230107','永泰','福建','福建永泰'),('101230108','平潭','福建','福建平潭'),('101230110','长乐','福建','福建长乐'),('101230111','福清','福建','福建福清'),('101230201','厦门','福建','福建厦门'),('101230202','同安','福建','福建同安'),('101230301','宁德','福建','福建宁德'),('101230302','古田','福建','福建古田'),('101230303','霞浦','福建','福建霞浦'),('101230304','寿宁','福建','福建寿宁'),('101230305','周宁','福建','福建周宁'),('101230306','福安','福建','福建福安'),('101230307','柘荣','福建','福建柘荣'),('101230308','福鼎','福建','福建福鼎'),('101230309','屏南','福建','福建屏南'),('101230401','莆田','福建','福建莆田'),('101230402','仙游','福建','福建仙游'),('101230403','秀屿港','福建','福建秀屿港'),('101230404','涵江','福建','福建涵江'),('101230405','秀屿','福建','福建秀屿'),('101230406','荔城','福建','福建荔城'),('101230407','城厢','福建','福建城厢'),('101230501','泉州','福建','福建泉州'),('101230502','安溪','福建','福建安溪'),('101230504','永春','福建','福建永春'),('101230505','德化','福建','福建德化'),('101230506','南安','福建','福建南安'),('101230507','崇武','福建','福建崇武'),('101230508','惠安','福建','福建惠安'),('101230509','晋江','福建','福建晋江'),('101230510','石狮','福建','福建石狮'),('101230601','漳州','福建','福建漳州'),('101230602','长泰','福建','福建长泰'),('101230603','南靖','福建','福建南靖'),('101230604','平和','福建','福建平和'),('101230605','龙海','福建','福建龙海'),('101230606','漳浦','福建','福建漳浦'),('101230607','诏安','福建','福建诏安'),('101230608','东山','福建','福建东山'),('101230609','云霄','福建','福建云霄'),('101230610','华安','福建','福建华安'),('101230701','龙岩','福建','福建龙岩'),('101230702','长汀','福建','福建长汀'),('101230703','连城','福建','福建连城'),('101230704','武平','福建','福建武平'),('101230705','上杭','福建','福建上杭'),('101230706','永定','福建','福建永定'),('101230707','漳平','福建','福建漳平'),('101230801','三明','福建','福建三明'),('101230802','宁化','福建','福建宁化'),('101230803','清流','福建','福建清流'),('101230804','泰宁','福建','福建泰宁'),('101230805','将乐','福建','福建将乐'),('101230806','建宁','福建','福建建宁'),('101230807','明溪','福建','福建明溪'),('101230808','沙县','福建','福建沙县'),('101230809','尤溪','福建','福建尤溪'),('101230810','永安','福建','福建永安'),('101230811','大田','福建','福建大田'),('101230901','南平','福建','福建南平'),('101230902','顺昌','福建','福建顺昌'),('101230903','光泽','福建','福建光泽'),('101230904','邵武','福建','福建邵武'),('101230905','武夷山','福建','福建武夷山'),('101230906','浦城','福建','福建浦城'),('101230907','建阳','福建','福建建阳'),('101230908','松溪','福建','福建松溪'),('101230909','政和','福建','福建政和'),('101230910','建瓯','福建','福建建瓯'),('101240101','南昌','江西','江西南昌'),('101240102','新建','江西','江西新建'),('101240103','南昌县','江西','江西南昌县'),('101240104','安义','江西','江西安义'),('101240105','进贤','江西','江西进贤'),('101240201','九江','江西','江西九江'),('101240202','瑞昌','江西','江西瑞昌'),('101240203','庐山','江西','江西庐山'),('101240204','武宁','江西','江西武宁'),('101240205','德安','江西','江西德安'),('101240206','永修','江西','江西永修'),('101240207','湖口','江西','江西湖口'),('101240208','彭泽','江西','江西彭泽'),('101240209','星子','江西','江西星子'),('101240210','都昌','江西','江西都昌'),('101240212','修水','江西','江西修水'),('101240301','上饶','江西','江西上饶'),('101240302','鄱阳','江西','江西鄱阳'),('101240303','婺源','江西','江西婺源'),('101240305','余干','江西','江西余干'),('101240306','万年','江西','江西万年'),('101240307','德兴','江西','江西德兴'),('101240308','上饶县','江西','江西上饶县'),('101240309','弋阳','江西','江西弋阳'),('101240310','横峰','江西','江西横峰'),('101240311','铅山','江西','江西铅山'),('101240312','玉山','江西','江西玉山'),('101240313','广丰','江西','江西广丰'),('101240401','抚州','江西','江西抚州'),('101240402','广昌','江西','江西广昌'),('101240403','乐安','江西','江西乐安'),('101240404','崇仁','江西','江西崇仁'),('101240405','金溪','江西','江西金溪'),('101240406','资溪','江西','江西资溪'),('101240407','宜黄','江西','江西宜黄'),('101240408','南城','江西','江西南城'),('101240409','南丰','江西','江西南丰'),('101240410','黎川','江西','江西黎川'),('101240411','东乡','江西','江西东乡'),('101240501','宜春','江西','江西宜春'),('101240502','铜鼓','江西','江西铜鼓'),('101240503','宜丰','江西','江西宜丰'),('101240504','万载','江西','江西万载'),('101240505','上高','江西','江西上高'),('101240506','靖安','江西','江西靖安'),('101240507','奉新','江西','江西奉新'),('101240508','高安','江西','江西高安'),('101240509','樟树','江西','江西樟树'),('101240510','丰城','江西','江西丰城'),('101240601','吉安','江西','江西吉安'),('101240602','吉安县','江西','江西吉安县'),('101240603','吉水','江西','江西吉水'),('101240604','新干','江西','江西新干'),('101240605','峡江','江西','江西峡江'),('101240606','永丰','江西','江西永丰'),('101240607','永新','江西','江西永新'),('101240608','井冈山','江西','江西井冈山'),('101240609','万安','江西','江西万安'),('101240610','遂川','江西','江西遂川'),('101240611','泰和','江西','江西泰和'),('101240612','安福','江西','江西安福'),('101240613','宁冈','江西','江西宁冈'),('101240701','赣州','江西','江西赣州'),('101240702','崇义','江西','江西崇义'),('101240703','上犹','江西','江西上犹'),('101240704','南康','江西','江西南康'),('101240705','大余','江西','江西大余'),('101240706','信丰','江西','江西信丰'),('101240707','宁都','江西','江西宁都'),('101240708','石城','江西','江西石城'),('101240709','瑞金','江西','江西瑞金'),('101240710','于都','江西','江西于都'),('101240711','会昌','江西','江西会昌'),('101240712','安远','江西','江西安远'),('101240713','全南','江西','江西全南'),('101240714','龙南','江西','江西龙南'),('101240715','定南','江西','江西定南'),('101240716','寻乌','江西','江西寻乌'),('101240717','兴国','江西','江西兴国'),('101240718','赣县','江西','江西赣县'),('101240801','景德镇','江西','江西景德镇'),('101240802','乐平','江西','江西乐平'),('101240803','浮梁','江西','江西浮梁'),('101240901','萍乡','江西','江西萍乡'),('101240902','莲花','江西','江西莲花'),('101240903','上栗','江西','江西上栗'),('101240904','安源','江西','江西安源'),('101240905','芦溪','江西','江西芦溪'),('101240906','湘东','江西','江西湘东'),('101241001','新余','江西','江西新余'),('101241002','分宜','江西','江西分宜'),('101241101','鹰潭','江西','江西鹰潭'),('101241102','余江','江西','江西余江'),('101241103','贵溪','江西','江西贵溪'),('101250101','长沙','湖南','湖南长沙'),('101250102','宁乡','湖南','湖南宁乡'),('101250103','浏阳','湖南','湖南浏阳'),('101250104','马坡岭','湖南','湖南马坡岭'),('101250105','望城','湖南','湖南望城'),('101250201','湘潭','湖南','湖南湘潭'),('101250202','韶山','湖南','湖南韶山'),('101250203','湘乡','湖南','湖南湘乡'),('101250301','株洲','湖南','湖南株洲'),('101250302','攸县','湖南','湖南攸县'),('101250303','醴陵','湖南','湖南醴陵'),('101250305','茶陵','湖南','湖南茶陵'),('101250306','炎陵','湖南','湖南炎陵'),('101250401','衡阳','湖南','湖南衡阳'),('101250402','衡山','湖南','湖南衡山'),('101250403','衡东','湖南','湖南衡东'),('101250404','祁东','湖南','湖南祁东'),('101250405','衡阳县','湖南','湖南衡阳县'),('101250406','常宁','湖南','湖南常宁'),('101250407','衡南','湖南','湖南衡南'),('101250408','耒阳','湖南','湖南耒阳'),('101250409','南岳','湖南','湖南南岳'),('101250501','郴州','湖南','湖南郴州'),('101250502','桂阳','湖南','湖南桂阳'),('101250503','嘉禾','湖南','湖南嘉禾'),('101250504','宜章','湖南','湖南宜章'),('101250505','临武','湖南','湖南临武'),('101250507','资兴','湖南','湖南资兴'),('101250508','汝城','湖南','湖南汝城'),('101250509','安仁','湖南','湖南安仁'),('101250510','永兴','湖南','湖南永兴'),('101250511','桂东','湖南','湖南桂东'),('101250512','苏仙','湖南','湖南苏仙'),('101250601','常德','湖南','湖南常德'),('101250602','安乡','湖南','湖南安乡'),('101250603','桃源','湖南','湖南桃源'),('101250604','汉寿','湖南','湖南汉寿'),('101250605','澧县','湖南','湖南澧县'),('101250606','临澧','湖南','湖南临澧'),('101250607','石门','湖南','湖南石门'),('101250608','津市','湖南','湖南津市'),('101250700','益阳','湖南','湖南益阳'),('101250701','赫山区','湖南','湖南赫山区'),('101250702','南县','湖南','湖南南县'),('101250703','桃江','湖南','湖南桃江'),('101250704','安化','湖南','湖南安化'),('101250705','沅江','湖南','湖南沅江'),('101250801','娄底','湖南','湖南娄底'),('101250802','双峰','湖南','湖南双峰'),('101250803','冷水江','湖南','湖南冷水江'),('101250805','新化','湖南','湖南新化'),('101250806','涟源','湖南','湖南涟源'),('101250901','邵阳','湖南','湖南邵阳'),('101250902','隆回','湖南','湖南隆回'),('101250903','洞口','湖南','湖南洞口'),('101250904','新邵','湖南','湖南新邵'),('101250905','邵东','湖南','湖南邵东'),('101250906','绥宁','湖南','湖南绥宁'),('101250907','新宁','湖南','湖南新宁'),('101250908','武冈','湖南','湖南武冈'),('101250909','城步','湖南','湖南城步'),('101250910','邵阳县','湖南','湖南邵阳县'),('101251001','岳阳','湖南','湖南岳阳'),('101251002','华容','湖南','湖南华容'),('101251003','湘阴','湖南','湖南湘阴'),('101251004','汨罗','湖南','湖南汨罗'),('101251005','平江','湖南','湖南平江'),('101251006','临湘','湖南','湖南临湘'),('101251101','张家界','湖南','湖南张家界'),('101251102','桑植','湖南','湖南桑植'),('101251103','慈利','湖南','湖南慈利'),('101251104','武陵源','湖南','湖南武陵源'),('101251201','怀化','湖南','湖南怀化'),('101251203','沅陵','湖南','湖南沅陵'),('101251204','辰溪','湖南','湖南辰溪'),('101251205','靖州','湖南','湖南靖州'),('101251206','会同','湖南','湖南会同'),('101251207','通道','湖南','湖南通道'),('101251208','麻阳','湖南','湖南麻阳'),('101251209','新晃','湖南','湖南新晃'),('101251210','芷江','湖南','湖南芷江'),('101251211','溆浦','湖南','湖南溆浦'),('101251212','中方','湖南','湖南中方'),('101251213','洪江','湖南','湖南洪江'),('101251401','永州','湖南','湖南永州'),('101251402','祁阳','湖南','湖南祁阳'),('101251403','东安','湖南','湖南东安'),('101251404','双牌','湖南','湖南双牌'),('101251405','道县','湖南','湖南道县'),('101251406','宁远','湖南','湖南宁远'),('101251407','江永','湖南','湖南江永'),('101251408','蓝山','湖南','湖南蓝山'),('101251409','新田','湖南','湖南新田'),('101251410','江华','湖南','湖南江华'),('101251411','冷水滩','湖南','湖南冷水滩'),('101251501','吉首','湖南','湖南吉首'),('101251502','保靖','湖南','湖南保靖'),('101251503','永顺','湖南','湖南永顺'),('101251504','古丈','湖南','湖南古丈'),('101251505','凤凰','湖南','湖南凤凰'),('101251506','泸溪','湖南','湖南泸溪'),('101251507','龙山','湖南','湖南龙山'),('101251508','花垣','湖南','湖南花垣'),('101260101','贵阳','贵州','贵州贵阳'),('101260102','白云','贵州','贵州白云'),('101260103','花溪','贵州','贵州花溪'),('101260104','乌当','贵州','贵州乌当'),('101260105','息烽','贵州','贵州息烽'),('101260106','开阳','贵州','贵州开阳'),('101260107','修文','贵州','贵州修文'),('101260108','清镇','贵州','贵州清镇'),('101260109','小河','贵州','贵州小河'),('101260110','云岩','贵州','贵州云岩'),('101260111','南明','贵州','贵州南明'),('101260201','遵义','贵州','贵州遵义'),('101260202','遵义县','贵州','贵州遵义县'),('101260203','仁怀','贵州','贵州仁怀'),('101260204','绥阳','贵州','贵州绥阳'),('101260205','湄潭','贵州','贵州湄潭'),('101260206','凤冈','贵州','贵州凤冈'),('101260207','桐梓','贵州','贵州桐梓'),('101260208','赤水','贵州','贵州赤水'),('101260209','习水','贵州','贵州习水'),('101260210','道真','贵州','贵州道真'),('101260211','正安','贵州','贵州正安'),('101260212','务川','贵州','贵州务川'),('101260213','余庆','贵州','贵州余庆'),('101260214','汇川','贵州','贵州汇川'),('101260215','红花岗','贵州','贵州红花岗'),('101260301','安顺','贵州','贵州安顺'),('101260302','普定','贵州','贵州普定'),('101260303','镇宁','贵州','贵州镇宁'),('101260304','平坝','贵州','贵州平坝'),('101260305','紫云','贵州','贵州紫云'),('101260306','关岭','贵州','贵州关岭'),('101260401','都匀','贵州','贵州都匀'),('101260402','贵定','贵州','贵州贵定'),('101260403','瓮安','贵州','贵州瓮安'),('101260404','长顺','贵州','贵州长顺'),('101260405','福泉','贵州','贵州福泉'),('101260406','惠水','贵州','贵州惠水'),('101260407','龙里','贵州','贵州龙里'),('101260408','罗甸','贵州','贵州罗甸'),('101260409','平塘','贵州','贵州平塘'),('101260410','独山','贵州','贵州独山'),('101260411','三都','贵州','贵州三都'),('101260412','荔波','贵州','贵州荔波'),('101260501','凯里','贵州','贵州凯里'),('101260502','岑巩','贵州','贵州岑巩'),('101260503','施秉','贵州','贵州施秉'),('101260504','镇远','贵州','贵州镇远'),('101260505','黄平','贵州','贵州黄平'),('101260507','麻江','贵州','贵州麻江'),('101260508','丹寨','贵州','贵州丹寨'),('101260509','三穗','贵州','贵州三穗'),('101260510','台江','贵州','贵州台江'),('101260511','剑河','贵州','贵州剑河'),('101260512','雷山','贵州','贵州雷山'),('101260513','黎平','贵州','贵州黎平'),('101260514','天柱','贵州','贵州天柱'),('101260515','锦屏','贵州','贵州锦屏'),('101260516','榕江','贵州','贵州榕江'),('101260517','从江','贵州','贵州从江'),('101260601','铜仁','贵州','贵州铜仁'),('101260602','江口','贵州','贵州江口'),('101260603','玉屏','贵州','贵州玉屏'),('101260604','万山','贵州','贵州万山'),('101260605','思南','贵州','贵州思南'),('101260607','印江','贵州','贵州印江'),('101260608','石阡','贵州','贵州石阡'),('101260609','沿河','贵州','贵州沿河'),('101260610','德江','贵州','贵州德江'),('101260611','松桃','贵州','贵州松桃'),('101260701','毕节','贵州','贵州毕节'),('101260702','赫章','贵州','贵州赫章'),('101260703','金沙','贵州','贵州金沙'),('101260704','威宁','贵州','贵州威宁'),('101260705','大方','贵州','贵州大方'),('101260706','纳雍','贵州','贵州纳雍'),('101260707','织金','贵州','贵州织金'),('101260708','黔西','贵州','贵州黔西'),('101260801','水城','贵州','贵州水城'),('101260802','六枝','贵州','贵州六枝'),('101260804','盘县','贵州','贵州盘县'),('101260901','兴义','贵州','贵州兴义'),('101260902','晴隆','贵州','贵州晴隆'),('101260903','兴仁','贵州','贵州兴仁'),('101260904','贞丰','贵州','贵州贞丰'),('101260905','望谟','贵州','贵州望谟'),('101260907','安龙','贵州','贵州安龙'),('101260908','册亨','贵州','贵州册亨'),('101260909','普安','贵州','贵州普安'),('101270101','成都','四川','四川成都'),('101270102','龙泉驿','四川','四川龙泉驿'),('101270103','新都','四川','四川新都'),('101270104','温江','四川','四川温江'),('101270105','金堂','四川','四川金堂'),('101270106','双流','四川','四川双流'),('101270107','郫县','四川','四川郫县'),('101270108','大邑','四川','四川大邑'),('101270109','蒲江','四川','四川蒲江'),('101270110','新津','四川','四川新津'),('101270111','都江堰','四川','四川都江堰'),('101270112','彭州','四川','四川彭州'),('101270113','邛崃','四川','四川邛崃'),('101270114','崇州','四川','四川崇州'),('101270201','攀枝花','四川','四川攀枝花'),('101270202','仁和','四川','四川仁和'),('101270203','米易','四川','四川米易'),('101270204','盐边','四川','四川盐边'),('101270301','自贡','四川','四川自贡'),('101270302','富顺','四川','四川富顺'),('101270303','荣县','四川','四川荣县'),('101270401','绵阳','四川','四川绵阳'),('101270402','三台','四川','四川三台'),('101270403','盐亭','四川','四川盐亭'),('101270404','安县','四川','四川安县'),('101270405','梓潼','四川','四川梓潼'),('101270406','北川','四川','四川北川'),('101270407','平武','四川','四川平武'),('101270408','江油','四川','四川江油'),('101270501','南充','四川','四川南充'),('101270502','南部','四川','四川南部'),('101270503','营山','四川','四川营山'),('101270504','蓬安','四川','四川蓬安'),('101270505','仪陇','四川','四川仪陇'),('101270506','西充','四川','四川西充'),('101270507','阆中','四川','四川阆中'),('101270601','达州','四川','四川达州'),('101270602','宣汉','四川','四川宣汉'),('101270603','开江','四川','四川开江'),('101270604','大竹','四川','四川大竹'),('101270605','渠县','四川','四川渠县'),('101270606','万源','四川','四川万源'),('101270607','通川','四川','四川通川'),('101270608','达县','四川','四川达县'),('101270701','遂宁','四川','四川遂宁'),('101270702','蓬溪','四川','四川蓬溪'),('101270703','射洪','四川','四川射洪'),('101270801','广安','四川','四川广安'),('101270802','岳池','四川','四川岳池'),('101270803','武胜','四川','四川武胜'),('101270804','邻水','四川','四川邻水'),('101270805','华蓥','四川','四川华蓥'),('101270901','巴中','四川','四川巴中'),('101270902','通江','四川','四川通江'),('101270903','南江','四川','四川南江'),('101270904','平昌','四川','四川平昌'),('101271001','泸州','四川','四川泸州'),('101271003','泸县','四川','四川泸县'),('101271004','合江','四川','四川合江'),('101271005','叙永','四川','四川叙永'),('101271006','古蔺','四川','四川古蔺'),('101271007','纳溪','四川','四川纳溪'),('101271101','宜宾','四川','四川宜宾'),('101271103','宜宾县','四川','四川宜宾县'),('101271104','南溪','四川','四川南溪'),('101271105','江安','四川','四川江安'),('101271106','长宁','四川','四川长宁'),('101271107','高县','四川','四川高县'),('101271108','珙县','四川','四川珙县'),('101271109','筠连','四川','四川筠连'),('101271110','兴文','四川','四川兴文'),('101271111','屏山','四川','四川屏山'),('101271201','内江','四川','四川内江'),('101271202','东兴','四川','四川东兴'),('101271203','威远','四川','四川威远'),('101271204','资中','四川','四川资中'),('101271205','隆昌','四川','四川隆昌'),('101271301','资阳','四川','四川资阳'),('101271302','安岳','四川','四川安岳'),('101271303','乐至','四川','四川乐至'),('101271304','简阳','四川','四川简阳'),('101271401','乐山','四川','四川乐山'),('101271402','犍为','四川','四川犍为'),('101271403','井研','四川','四川井研'),('101271404','夹江','四川','四川夹江'),('101271405','沐川','四川','四川沐川'),('101271406','峨边','四川','四川峨边'),('101271407','马边','四川','四川马边'),('101271408','峨眉','四川','四川峨眉'),('101271409','峨眉山','四川','四川峨眉山'),('101271501','眉山','四川','四川眉山'),('101271502','仁寿','四川','四川仁寿'),('101271503','彭山','四川','四川彭山'),('101271504','洪雅','四川','四川洪雅'),('101271505','丹棱','四川','四川丹棱'),('101271506','青神','四川','四川青神'),('101271601','凉山','四川','四川凉山'),('101271603','木里','四川','四川木里'),('101271604','盐源','四川','四川盐源'),('101271605','德昌','四川','四川德昌'),('101271606','会理','四川','四川会理'),('101271607','会东','四川','四川会东'),('101271608','宁南','四川','四川宁南'),('101271609','普格','四川','四川普格'),('101271610','西昌','四川','四川西昌'),('101271611','金阳','四川','四川金阳'),('101271612','昭觉','四川','四川昭觉'),('101271613','喜德','四川','四川喜德'),('101271614','冕宁','四川','四川冕宁'),('101271615','越西','四川','四川越西'),('101271616','甘洛','四川','四川甘洛'),('101271617','雷波','四川','四川雷波'),('101271618','美姑','四川','四川美姑'),('101271619','布拖','四川','四川布拖'),('101271701','雅安','四川','四川雅安'),('101271702','名山','四川','四川名山'),('101271703','荥经','四川','四川荥经'),('101271704','汉源','四川','四川汉源'),('101271705','石棉','四川','四川石棉'),('101271706','天全','四川','四川天全'),('101271707','芦山','四川','四川芦山'),('101271708','宝兴','四川','四川宝兴'),('101271801','甘孜','四川','四川甘孜'),('101271802','康定','四川','四川康定'),('101271803','泸定','四川','四川泸定'),('101271804','丹巴','四川','四川丹巴'),('101271805','九龙','四川','四川九龙'),('101271806','雅江','四川','四川雅江'),('101271807','道孚','四川','四川道孚'),('101271808','炉霍','四川','四川炉霍'),('101271809','新龙','四川','四川新龙'),('101271810','德格','四川','四川德格'),('101271811','白玉','四川','四川白玉'),('101271812','石渠','四川','四川石渠'),('101271813','色达','四川','四川色达'),('101271814','理塘','四川','四川理塘'),('101271815','巴塘','四川','四川巴塘'),('101271816','乡城','四川','四川乡城'),('101271817','稻城','四川','四川稻城'),('101271818','得荣','四川','四川得荣'),('101271901','阿坝','四川','四川阿坝'),('101271902','汶川','四川','四川汶川'),('101271903','理县','四川','四川理县'),('101271904','茂县','四川','四川茂县'),('101271905','松潘','四川','四川松潘'),('101271906','九寨沟','四川','四川九寨沟'),('101271907','金川','四川','四川金川'),('101271908','小金','四川','四川小金'),('101271909','黑水','四川','四川黑水'),('101271910','马尔康','四川','四川马尔康'),('101271911','壤塘','四川','四川壤塘'),('101271912','若尔盖','四川','四川若尔盖'),('101271913','红原','四川','四川红原'),('101272001','德阳','四川','四川德阳'),('101272002','中江','四川','四川中江'),('101272003','广汉','四川','四川广汉'),('101272004','什邡','四川','四川什邡'),('101272005','绵竹','四川','四川绵竹'),('101272006','罗江','四川','四川罗江'),('101272101','广元','四川','四川广元'),('101272102','旺苍','四川','四川旺苍'),('101272103','青川','四川','四川青川'),('101272104','剑阁','四川','四川剑阁'),('101272105','苍溪','四川','四川苍溪'),('101280101','广州','广东','广东广州'),('101280102','番禺','广东','广东番禺'),('101280103','从化','广东','广东从化'),('101280104','增城','广东','广东增城'),('101280105','花都','广东','广东花都'),('101280201','韶关','广东','广东韶关'),('101280202','乳源','广东','广东乳源'),('101280203','始兴','广东','广东始兴'),('101280204','翁源','广东','广东翁源'),('101280205','乐昌','广东','广东乐昌'),('101280206','仁化','广东','广东仁化'),('101280207','南雄','广东','广东南雄'),('101280208','新丰','广东','广东新丰'),('101280209','曲江','广东','广东曲江'),('101280210','浈江','广东','广东浈江'),('101280211','武江','广东','广东武江'),('101280301','惠州','广东','广东惠州'),('101280302','博罗','广东','广东博罗'),('101280303','惠阳','广东','广东惠阳'),('101280304','惠东','广东','广东惠东'),('101280305','龙门','广东','广东龙门'),('101280401','梅州','广东','广东梅州'),('101280402','兴宁','广东','广东兴宁'),('101280403','蕉岭','广东','广东蕉岭'),('101280404','大埔','广东','广东大埔'),('101280406','丰顺','广东','广东丰顺'),('101280407','平远','广东','广东平远'),('101280408','五华','广东','广东五华'),('101280409','梅县','广东','广东梅县'),('101280501','汕头','广东','广东汕头'),('101280502','潮阳','广东','广东潮阳'),('101280503','澄海','广东','广东澄海'),('101280504','南澳','广东','广东南澳'),('101280601','深圳','广东','广东深圳'),('101280701','珠海','广东','广东珠海'),('101280702','斗门','广东','广东斗门'),('101280703','金湾','广东','广东金湾'),('101280800','佛山','广东','广东佛山'),('101280801','顺德','广东','广东顺德'),('101280802','三水','广东','广东三水'),('101280803','南海','广东','广东南海'),('101280804','高明','广东','广东高明'),('101280901','肇庆','广东','广东肇庆'),('101280902','广宁','广东','广东广宁'),('101280903','四会','广东','广东四会'),('101280905','德庆','广东','广东德庆'),('101280906','怀集','广东','广东怀集'),('101280907','封开','广东','广东封开'),('101280908','高要','广东','广东高要'),('101281001','湛江','广东','广东湛江'),('101281002','吴川','广东','广东吴川'),('101281003','雷州','广东','广东雷州'),('101281004','徐闻','广东','广东徐闻'),('101281005','廉江','广东','广东廉江'),('101281006','赤坎','广东','广东赤坎'),('101281007','遂溪','广东','广东遂溪'),('101281008','坡头','广东','广东坡头'),('101281009','霞山','广东','广东霞山'),('101281010','麻章','广东','广东麻章'),('101281101','江门','广东','广东江门'),('101281103','开平','广东','广东开平'),('101281104','新会','广东','广东新会'),('101281105','恩平','广东','广东恩平'),('101281106','台山','广东','广东台山'),('101281107','蓬江','广东','广东蓬江'),('101281108','鹤山','广东','广东鹤山'),('101281109','江海','广东','广东江海'),('101281201','河源','广东','广东河源'),('101281202','紫金','广东','广东紫金'),('101281203','连平','广东','广东连平'),('101281204','和平','广东','广东和平'),('101281205','龙川','广东','广东龙川'),('101281206','东源','广东','广东东源'),('101281301','清远','广东','广东清远'),('101281302','连南','广东','广东连南'),('101281303','连州','广东','广东连州'),('101281304','连山','广东','广东连山'),('101281305','阳山','广东','广东阳山'),('101281306','佛冈','广东','广东佛冈'),('101281307','英德','广东','广东英德'),('101281308','清新','广东','广东清新'),('101281401','云浮','广东','广东云浮'),('101281402','罗定','广东','广东罗定'),('101281403','新兴','广东','广东新兴'),('101281404','郁南','广东','广东郁南'),('101281406','云安','广东','广东云安'),('101281501','潮州','广东','广东潮州'),('101281502','饶平','广东','广东饶平'),('101281503','潮安','广东','广东潮安'),('101281601','东莞','广东','广东东莞'),('101281701','中山','广东','广东中山'),('101281801','阳江','广东','广东阳江'),('101281802','阳春','广东','广东阳春'),('101281803','阳东','广东','广东阳东'),('101281804','阳西','广东','广东阳西'),('101281901','揭阳','广东','广东揭阳'),('101281902','揭西','广东','广东揭西'),('101281903','普宁','广东','广东普宁'),('101281904','惠来','广东','广东惠来'),('101281905','揭东','广东','广东揭东'),('101282001','茂名','广东','广东茂名'),('101282002','高州','广东','广东高州'),('101282003','化州','广东','广东化州'),('101282004','电白','广东','广东电白'),('101282005','信宜','广东','广东信宜'),('101282006','茂港','广东','广东茂港'),('101282101','汕尾','广东','广东汕尾'),('101282102','海丰','广东','广东海丰'),('101282103','陆丰','广东','广东陆丰'),('101282104','陆河','广东','广东陆河'),('101290101','昆明','云南','云南昆明'),('101290103','东川','云南','云南东川'),('101290104','寻甸','云南','云南寻甸'),('101290105','晋宁','云南','云南晋宁'),('101290106','宜良','云南','云南宜良'),('101290107','石林','云南','云南石林'),('101290108','呈贡','云南','云南呈贡'),('101290109','富民','云南','云南富民'),('101290110','嵩明','云南','云南嵩明'),('101290111','禄劝','云南','云南禄劝'),('101290112','安宁','云南','云南安宁'),('101290113','太华山','云南','云南太华山'),('101290201','大理','云南','云南大理'),('101290202','云龙','云南','云南云龙'),('101290203','漾濞','云南','云南漾濞'),('101290204','永平','云南','云南永平'),('101290205','宾川','云南','云南宾川'),('101290206','弥渡','云南','云南弥渡'),('101290207','祥云','云南','云南祥云'),('101290208','巍山','云南','云南巍山'),('101290209','剑川','云南','云南剑川'),('101290210','洱源','云南','云南洱源'),('101290211','鹤庆','云南','云南鹤庆'),('101290212','南涧','云南','云南南涧'),('101290301','红河','云南','云南红河'),('101290302','石屏','云南','云南石屏'),('101290303','建水','云南','云南建水'),('101290304','弥勒','云南','云南弥勒'),('101290305','元阳','云南','云南元阳'),('101290306','绿春','云南','云南绿春'),('101290307','开远','云南','云南开远'),('101290308','个旧','云南','云南个旧'),('101290309','蒙自','云南','云南蒙自'),('101290310','屏边','云南','云南屏边'),('101290311','泸西','云南','云南泸西'),('101290312','金平','云南','云南金平'),('101290313','河口','云南','云南河口'),('101290401','曲靖','云南','云南曲靖'),('101290402','沾益','云南','云南沾益'),('101290403','陆良','云南','云南陆良'),('101290404','富源','云南','云南富源'),('101290405','马龙','云南','云南马龙'),('101290406','师宗','云南','云南师宗'),('101290407','罗平','云南','云南罗平'),('101290408','会泽','云南','云南会泽'),('101290409','宣威','云南','云南宣威'),('101290501','保山','云南','云南保山'),('101290503','龙陵','云南','云南龙陵'),('101290504','施甸','云南','云南施甸'),('101290505','昌宁','云南','云南昌宁'),('101290506','腾冲','云南','云南腾冲'),('101290601','文山','云南','云南文山'),('101290602','西畴','云南','云南西畴'),('101290603','马关','云南','云南马关'),('101290604','麻栗坡','云南','云南麻栗坡'),('101290605','砚山','云南','云南砚山'),('101290606','丘北','云南','云南丘北'),('101290607','广南','云南','云南广南'),('101290608','富宁','云南','云南富宁'),('101290701','玉溪','云南','云南玉溪'),('101290702','澄江','云南','云南澄江'),('101290703','江川','云南','云南江川'),('101290704','通海','云南','云南通海'),('101290705','华宁','云南','云南华宁'),('101290706','新平','云南','云南新平'),('101290707','易门','云南','云南易门'),('101290708','峨山','云南','云南峨山'),('101290709','元江','云南','云南元江'),('101290801','楚雄','云南','云南楚雄'),('101290802','大姚','云南','云南大姚'),('101290803','元谋','云南','云南元谋'),('101290804','姚安','云南','云南姚安'),('101290805','牟定','云南','云南牟定'),('101290806','南华','云南','云南南华'),('101290807','武定','云南','云南武定'),('101290808','禄丰','云南','云南禄丰'),('101290809','双柏','云南','云南双柏'),('101290810','永仁','云南','云南永仁'),('101290901','普洱','云南','云南普洱'),('101290902','景谷','云南','云南景谷'),('101290903','景东','云南','云南景东'),('101290904','澜沧','云南','云南澜沧'),('101290906','墨江','云南','云南墨江'),('101290907','江城','云南','云南江城'),('101290908','孟连','云南','云南孟连'),('101290909','西盟','云南','云南西盟'),('101290911','镇沅','云南','云南镇沅'),('101290912','宁洱','云南','云南宁洱'),('101291001','昭通','云南','云南昭通'),('101291002','鲁甸','云南','云南鲁甸'),('101291003','彝良','云南','云南彝良'),('101291004','镇雄','云南','云南镇雄'),('101291005','威信','云南','云南威信'),('101291006','巧家','云南','云南巧家'),('101291007','绥江','云南','云南绥江'),('101291008','永善','云南','云南永善'),('101291009','盐津','云南','云南盐津'),('101291010','大关','云南','云南大关'),('101291011','水富','云南','云南水富'),('101291101','临沧','云南','云南临沧'),('101291102','沧源','云南','云南沧源'),('101291103','耿马','云南','云南耿马'),('101291104','双江','云南','云南双江'),('101291105','凤庆','云南','云南凤庆'),('101291106','永德','云南','云南永德'),('101291107','云县','云南','云南云县'),('101291108','镇康','云南','云南镇康'),('101291201','怒江','云南','云南怒江'),('101291203','福贡','云南','云南福贡'),('101291204','兰坪','云南','云南兰坪'),('101291205','泸水','云南','云南泸水'),('101291206','六库','云南','云南六库'),('101291207','贡山','云南','云南贡山'),('101291301','香格里拉','云南','云南香格里拉'),('101291302','德钦','云南','云南德钦'),('101291303','维西','云南','云南维西'),('101291304','中甸','云南','云南中甸'),('101291401','丽江','云南','云南丽江'),('101291402','永胜','云南','云南永胜'),('101291403','华坪','云南','云南华坪'),('101291404','宁蒗','云南','云南宁蒗'),('101291501','德宏','云南','云南德宏'),('101291503','陇川','云南','云南陇川'),('101291504','盈江','云南','云南盈江'),('101291506','瑞丽','云南','云南瑞丽'),('101291507','梁河','云南','云南梁河'),('101291508','潞西','云南','云南潞西'),('101291601','景洪','云南','云南景洪'),('101291603','勐海','云南','云南勐海'),('101291605','勐腊','云南','云南勐腊'),('101300101','南宁','广西','广西南宁'),('101300103','邕宁','广西','广西邕宁'),('101300104','横县','广西','广西横县'),('101300105','隆安','广西','广西隆安'),('101300106','马山','广西','广西马山'),('101300107','上林','广西','广西上林'),('101300108','武鸣','广西','广西武鸣'),('101300109','宾阳','广西','广西宾阳'),('101300201','崇左','广西','广西崇左'),('101300202','天等','广西','广西天等'),('101300203','龙州','广西','广西龙州'),('101300204','凭祥','广西','广西凭祥'),('101300205','大新','广西','广西大新'),('101300206','扶绥','广西','广西扶绥'),('101300207','宁明','广西','广西宁明'),('101300301','柳州','广西','广西柳州'),('101300302','柳城','广西','广西柳城'),('101300304','鹿寨','广西','广西鹿寨'),('101300305','柳江','广西','广西柳江'),('101300306','融安','广西','广西融安'),('101300307','融水','广西','广西融水'),('101300308','三江','广西','广西三江'),('101300401','来宾','广西','广西来宾'),('101300402','忻城','广西','广西忻城'),('101300403','金秀','广西','广西金秀'),('101300404','象州','广西','广西象州'),('101300405','武宣','广西','广西武宣'),('101300406','合山','广西','广西合山'),('101300501','桂林','广西','广西桂林'),('101300503','龙胜','广西','广西龙胜'),('101300504','永福','广西','广西永福'),('101300505','临桂','广西','广西临桂'),('101300506','兴安','广西','广西兴安'),('101300507','灵川','广西','广西灵川'),('101300508','全州','广西','广西全州'),('101300509','灌阳','广西','广西灌阳'),('101300510','阳朔','广西','广西阳朔'),('101300511','恭城','广西','广西恭城'),('101300512','平乐','广西','广西平乐'),('101300513','荔浦','广西','广西荔浦'),('101300514','资源','广西','广西资源'),('101300601','梧州','广西','广西梧州'),('101300602','藤县','广西','广西藤县'),('101300604','苍梧','广西','广西苍梧'),('101300605','蒙山','广西','广西蒙山'),('101300606','岑溪','广西','广西岑溪'),('101300701','贺州','广西','广西贺州'),('101300702','昭平','广西','广西昭平'),('101300703','富川','广西','广西富川'),('101300704','钟山','广西','广西钟山'),('101300801','贵港','广西','广西贵港'),('101300802','桂平','广西','广西桂平'),('101300803','平南','广西','广西平南'),('101300901','玉林','广西','广西玉林'),('101300902','博白','广西','广西博白'),('101300903','北流','广西','广西北流'),('101300904','容县','广西','广西容县'),('101300905','陆川','广西','广西陆川'),('101300906','兴业','广西','广西兴业'),('101301001','百色','广西','广西百色'),('101301002','那坡','广西','广西那坡'),('101301003','田阳','广西','广西田阳'),('101301004','德保','广西','广西德保'),('101301005','靖西','广西','广西靖西'),('101301006','田东','广西','广西田东'),('101301007','平果','广西','广西平果'),('101301008','隆林','广西','广西隆林'),('101301009','西林','广西','广西西林'),('101301010','乐业','广西','广西乐业'),('101301011','凌云','广西','广西凌云'),('101301012','田林','广西','广西田林'),('101301101','钦州','广西','广西钦州'),('101301102','浦北','广西','广西浦北'),('101301103','灵山','广西','广西灵山'),('101301201','河池','广西','广西河池'),('101301202','天峨','广西','广西天峨'),('101301203','东兰','广西','广西东兰'),('101301204','巴马','广西','广西巴马'),('101301205','环江','广西','广西环江'),('101301206','罗城','广西','广西罗城'),('101301207','宜州','广西','广西宜州'),('101301208','凤山','广西','广西凤山'),('101301209','南丹','广西','广西南丹'),('101301210','都安','广西','广西都安'),('101301211','大化','广西','广西大化'),('101301301','北海','广西','广西北海'),('101301302','合浦','广西','广西合浦'),('101301303','涠洲岛','广西','广西涠洲岛'),('101301401','防城港','广西','广西防城港'),('101301402','上思','广西','广西上思'),('101301403','东兴','广西','广西东兴'),('101301405','防城','广西','广西防城'),('101310101','海口','海南','海南海口'),('101310201','三亚','海南','海南三亚'),('101310202','东方','海南','海南东方'),('101310203','临高','海南','海南临高'),('101310204','澄迈','海南','海南澄迈'),('101310205','儋州','海南','海南儋州'),('101310206','昌江','海南','海南昌江'),('101310207','白沙','海南','海南白沙'),('101310208','琼中','海南','海南琼中'),('101310209','定安','海南','海南定安'),('101310210','屯昌','海南','海南屯昌'),('101310211','琼海','海南','海南琼海'),('101310212','文昌','海南','海南文昌'),('101310214','保亭','海南','海南保亭'),('101310215','万宁','海南','海南万宁'),('101310216','陵水','海南','海南陵水'),('101310217','西沙','海南','海南西沙'),('101310220','南沙','海南','海南南沙'),('101310221','乐东','海南','海南乐东'),('101310222','五指山','海南','海南五指山'),('101320101','香港','香港','香港香港'),('101320102','九龙','香港','香港九龙'),('101320103','新界','香港','香港新界'),('101330101','澳门','澳门','澳门澳门'),('101330102','氹仔岛','澳门','澳门氹仔岛'),('101330103','路环岛','澳门','澳门路环岛'),('101340101','台北','台湾','台湾台北'),('101340102','桃园','台湾','台湾桃园'),('101340103','新竹','台湾','台湾新竹'),('101340104','宜兰','台湾','台湾宜兰'),('101340201','高雄','台湾','台湾高雄'),('101340202','嘉义','台湾','台湾嘉义'),('101340203','台南','台湾','台湾台南'),('101340204','台东','台湾','台湾台东'),('101340205','屏东','台湾','台湾屏东'),('101340401','台中','台湾','台湾台中'),('101340402','苗栗','台湾','台湾苗栗'),('101340403','彰化','台湾','台湾彰化'),('101340404','南投','台湾','台湾南投'),('101340405','花莲','台湾','台湾花莲'),('101340406','云林','台湾','台湾云林');

